<?xml version='1.0' encoding='UTF-8'?>
<doc>
  <title auto="true" type="str" verify="true"><![CDATA[К Туле задумались о проведении нейл-соревнования]]></title>
  <category auto="true" type="str" verify="true"><![CDATA[Власть и Общество/Общество]]></category>
  <source auto="true" type="str" verify="true"><![CDATA[https://www.infox.ru//news/251/social/society/218857-k-tule-zadumalis-o-provedenii-nejl-sorevnovania]]></source>
  <text auto="true" type="str" verify="true"><![CDATA[
В минувшие выходные в Туле состоялся фестиваль мастеров маникюра. 
В столицу региона приехали 18 лучших специалистов из Центрального федерального округа.
Они провели бесплатные мастер-классы для всех желающих, прочитали лекции о становлении профессии, рассказали о новинках маникюрного дела.
Затем они устроили соревнования в два этапа. В первом этапе участницы мероприятия продемонстрировали различные техники маникюра. Во втором, мастерицы должны были придумать свой оригинальный дизайн, черпая вдохновение из творчества Айвазовского, Пикассо, Кандинского.
В ходе конкурса за девушками наблюдали судьи. Они оценивали работу по нескольким параметрам: длинна ногтя, обработка кутикулы, общая эстетика.
Фестиваль прошел в открытом формате и был общедоступен для наблюдения. Как указывает телеканал «Первый тульский», до этого подобные фестивали были «только для своих».
Организаторы высоко оценили состоявшееся маникюр-фест и теперь подумывают над тем, чтобы в будущем организовать полноценные нейл-соревнования.
]]></text>
</doc>
