<?xml version='1.0' encoding='UTF-8'?>
<doc>
  <title auto="true" type="str" verify="true"><![CDATA[Челябинская область поборется за миллиардный грант]]></title>
  <category auto="true" type="str" verify="true"><![CDATA[Экономика и бизнес/Финансы]]></category>
  <source auto="true" type="str" verify="true"><![CDATA[https://www.infox.ru//news/289/economy/finance/219273-celabinskaa-oblast-poboretsa-za-milliardnyj-grant]]></source>
  <text auto="true" type="str" verify="true"><![CDATA[
Сегодня, 19 июня, глава региона Алексей Текслер провел совещание с главами муниципалитетов. Он рассказал чиновникам о встречах, прошедших на федеральном уровне.
Речь в частности шла о заседании правительственной комиссии Российской Федерации по региональному развитию. На этой встрече обсуждался вопрос о выделении и распределении грантов между лучшими субъектами страны. По предварительным данным, общая сумма материальной поддержки составит 50 миллиардов рублей. В борьбе за получение денег намерена принять участие и Челябинская область.
– Необходимо побороться за эти деньги. Это наша общая задача. Лучших будут дополнительно стимулировать грантами. Надо такую возможность не упустить, – подчеркнул Алексей Текслер.
Оценивать регионы будут по 15 показателям эффективности. Среди них – уровень доверия к власти, качество дорог, уровень зарплат, производительность труда, качество окружающей среды и естественный прирост населения. Имена регионов-победителей станут известны осенью текущего года.
]]></text>
</doc>
