<?xml version='1.0' encoding='UTF-8'?>
<doc>
  <title auto="true" type="str" verify="true"><![CDATA[В Екатеринбурге новую линию метро спроектируют за счет городского бюджета]]></title>
  <category auto="true" type="str" verify="true"><![CDATA[Власть и Общество/Общество]]></category>
  <source auto="true" type="str" verify="true"><![CDATA[https://www.infox.ru//news/289/social/society/219347-v-ekaterinburge-novuu-liniu-metro-sproektiruut-za-scet-gorodskogo-budzeta]]></source>
  <text auto="true" type="str" verify="true"><![CDATA[
В уральской столице планируют разработать проект новой линии метрополитена, выделив на эту работу средства из городского бюджета.
Об этом 19 июня сообщил журналистам мэр Екатеринбурга Александр Высокинский.
Градоначальник подчеркнул, что городские власти не планируют останавливать работу над созданием проекта второй линии метро. Главной гарантией для получения средств, необходимых для реализации масштабного и дорогостоящего проекта, будет тщательно разработанная техническая документация. Как только она будет готова, городские власти планируют подавать заявку на выделение средств на строительство второй линии метрополитена из федерального бюджета.
Проектирование новой ветки метро в уральской столицы планируют завершить в этом году, а уже в следующем начать строительно-монтажные работы. Предполагаемый объем инвестиций в масштабный проект оцениваются более чем в 76 млрд рублей.
]]></text>
</doc>
