<?xml version='1.0' encoding='UTF-8'?>
<doc>
  <title auto="true" type="str" verify="true"><![CDATA[В Туле на проспекте Ленина будет заменена тротуарная плитка]]></title>
  <category auto="true" type="str" verify="true"><![CDATA[Власть и Общество/Общество]]></category>
  <source auto="true" type="str" verify="true"><![CDATA[https://www.infox.ru//news/251/social/society/218993-v-tule-na-prospekte-lenina-budet-zamenena-trotuarnaa-plitka]]></source>
  <text auto="true" type="str" verify="true"><![CDATA[
Соответствующее решение было принято в ходе выездного заседания под руководством главы администрации города Евгения Авилова. 
В обсуждении текущих вопросов реализации программы «Безопасные и качественные автомобильные дороги» принял участие начальник управления по транспорту и дорожному хозяйству Алексей Крыгин.
Чиновники проинспектировали несколько объектов, где ведутся ремонтные работы. Они проехали по улицам Пржевальского, Доктора Гумилевской, Новотульской, Майской, где ведется замена дорожного полотна.
Крыгин рассказал участникам заседания о планах работ и сроках их исполнения.
Отдельного обсуждения удостоился участок на пересечении проспекта Ленина и улицы Первомайской. Речь зашла о благоустройстве пешеходной зоны проспекта на отрезке от Первомайской до Каминского.
Евгений Авилов предложил обновить тротуар, заменив плитку. Он поручил разработать соответствующий проект и вынести его на публичное обсуждение.
Предварительно решено, что помимо замены плитки на участке проведут озеленительные работы, а также обустроят велодорожку.
В случае согласования проекта с горожанами, к ремонту и благоустройству тротуара преступят в течение 2019 года.
]]></text>
</doc>
