<?xml version='1.0' encoding='UTF-8'?>
<doc>
  <title auto="true" type="str" verify="true"><![CDATA[На Восточном обходе Новосибирска начали строить мост через Иню]]></title>
  <category auto="true" type="str" verify="true"><![CDATA[Власть и Общество/Общество]]></category>
  <source auto="true" type="str" verify="true"><![CDATA[https://www.infox.ru//news/251/social/society/218949-na-vostocnom-obhode-novosibirska-nacali-stroit-most-cerez-inu]]></source>
  <text auto="true" type="str" verify="true"><![CDATA[
Рядом с Новосибирском на стройке Восточного обхода приступили к первому этапу строительства моста через реку Иню. 
Об этом сообщил «КоммерсантЪ-Сибирь» со ссылкой на пресс-службу компании-подрядчика.
Мост через Иню станет составной частью эстакады с путепроводом через автодорогу и железнодорожные пути. Её общая длина составит 677 метров.
К середине лета планируется закончить строительство надвижки на первом участке. Вес одного пролёта конструкции составляет 580 тонн.
Все работы должны быть закончены к концу 2019 года.
]]></text>
</doc>
