<?xml version='1.0' encoding='UTF-8'?>
<doc>
  <title auto="true" type="str" verify="true"><![CDATA[В Туле пройдет 20-й Бал медалистов]]></title>
  <category auto="true" type="str" verify="true"><![CDATA[Власть и Общество/Образование]]></category>
  <source auto="true" type="str" verify="true"><![CDATA[https://www.infox.ru//news/251/social/education/219345-v-tule-projdet-20-j-bal-medalistov]]></source>
  <text auto="true" type="str" verify="true"><![CDATA[
В Туле на Казанской набережной готовятся провести бал выпускников школ с медалями.
Бал медалистов намечен на 26 июня. Мероприятие пройдет под открытым небом. Начало в 21:00.
Как сообщает портал Myslo, подобные балы проводятся в Туле с 2002 года. Но только в этом году решено опробовать практику организации бала «OPEN AIR» (на открытом воздухе).
В празднике примут участие почти 350 выпускников и 56 учебных заведений. В нынешнем году больше всего медалистов выпустил лицей имени Горшкова. Традиционно много медалистов у лицея № 2 имени Слободскова и гимназий №1 и №11.
Перед началом бала выпускники получат медали, дипломы и подарки.
Для молодых людей приготовлена развлекательная программа.
]]></text>
</doc>
