<?xml version='1.0' encoding='UTF-8'?>
<doc>
  <title auto="true" type="str" verify="true"><![CDATA[В Туле преображают дворы]]></title>
  <category auto="true" type="str" verify="true"><![CDATA[Власть и Общество/Общество]]></category>
  <source auto="true" type="str" verify="true"><![CDATA[https://www.infox.ru//news/282/social/society/219152-v-tule-preobrazaut-dvory]]></source>
  <text auto="true" type="str" verify="true"><![CDATA[
Работы по благоустройству начались в 17 тульских дворах, сообщили в городской администрации.
В рамках программы «Формирование современной городской среды» предполагают обустроить 58 объектов. Во вторник, 18 июня, начались объекты по 17 адресам.
Реконструкция тульского Храма апостолов Петра и Павла близится к завершению
Во дворе дома № 24 по Литейной улице начали менять бордюрный камень. Здесь же заасфальтируют дорожки для пешеходов и дворовый проезд, обустроят парковку, поставят лавочки и урны. Стоимость работ в администрации оценили в 2,5 миллиона рублей.
Общая сумма, которую выделя на приведение дворов в порядок по этой программе, составит 174 миллиона рублей. Работы завершат до конца лета. Во дворах многоэтажных домов Тулы уложат асфальт, смонтируют уличное освещение, установят ограждения, урны, лавки, а также детские зоны и спортплощадки.
Работы будут контролировать в администрации Тулы. Кроме того, за ними проследят жители домов.
]]></text>
</doc>
