<?xml version='1.0' encoding='UTF-8'?>
<doc>
  <title auto="true" type="str" verify="true"><![CDATA[Владимир Путин назначил нового председателя Краснодарского краевого суда]]></title>
  <category auto="true" type="str" verify="true"><![CDATA[Власть и Общество/Общество]]></category>
  <source auto="true" type="str" verify="true"><![CDATA[https://www.infox.ru//news/289/social/society/219292-vladimir-putin-naznacil-novogo-predsedatela-krasnodarskogo-kraevogo-suda]]></source>
  <text auto="true" type="str" verify="true"><![CDATA[
43-летний Алексей Шипилов стал новым председателем Краснодарского краевого суда. Соответствующий указ был подписан президентом России Владимиром Путиным 19 июня.
Напомним, что предыдущий председатель Краснодарского краевого суда Александр Чернов, занимавший пост с 1994 года, покинул его в феврале 2019 года. Таким образом, должность была вакантна около четырех месяцев.
Конкурс на должность был объявлен высшей квалификационной коллегией судей два раза. Первый раз из-за отсутствия заявок он не состоялся. Единственным претендентом на высокий пост после рекомендации ВККС стал председатель Белгородского областного суда Алексей Шипилов. Кандидатура Шипилова была согласована кадровой комиссией администрации президента в июне 2019 года.
]]></text>
</doc>
