<?xml version='1.0' encoding='UTF-8'?>
<doc>
  <title auto="true" type="str" verify="true"><![CDATA[Перепутали опт и розницу: в правительстве пояснили данные Росстата о росте цен на бензин]]></title>
  <category auto="true" type="str" verify="true"><![CDATA[Экономика и бизнес/Финансы]]></category>
  <source auto="true" type="str" verify="true"><![CDATA[https://www.infox.ru//news/251/economy/finance/219198-pereputali-opt-i-roznicu-v-pravitelstve-poasnili-dannye-rosstata-o-roste-cen-na-benzin]]></source>
  <text auto="true" type="str" verify="true"><![CDATA[
Данные Росстата о росте цен на бензин в мае на 17,5% отражают ситуацию в оптовом, биржевом сегменте.  В рознице ситуация совсем другая.
Розничные цены с начала года выросли значительно меньше, в среднем на 2,3% (данные ЦДУ ТЭК), что укладывается в параметры соглашения с нефтяниками.
Об этом заявили в правительстве, комментируя шокирующие цифры, представленные 18 июня Росстатом. Кабмин обратил внимание, что статистика Росстата говорит о «ценах производителей», то есть оптовых ценах. Действительно, с 31 декабря 2018 года оптовые цены подскочили на 17 процентных пунктов. «При этом биржевая цена сейчас на 7 п. п. ниже цены на 17 июня 2018 года», - пояснили в кабмине (цитирует ТАСС).
В Минэнерго со своей стороны заверили, что нынешние цены соответствуют тем, что предусмотрены в договоренностях правительства с нефтяниками от ноября 2018 года.
Ранее в федеральной службе государственной статистики сообщили, что помимо скачка оптовых цен на бензин, за отчетный период выросли цены на стабильный газовый конденсат на 18%, на сжиженный пропан и бутан — на 8,4%, нефтяной кокс — на 5%, дорожные нефтяные битумы — на 4,5%.

<script type="text/javascript">
    if (typeof(pr) == 'undefined') { var pr = Math.floor(Math.random() * 4294967295) + 1; }
    (function(w, d, n, s, t) {
        w[n] = w[n] || [];
        w[n].push(function() {
            Ya.Context.AdvManager.render({
                blockId: "VI-148264-0",
                renderTo: 'inpage_VI-148264-0-539298168',
                inpage: {
                    slide: true,
                    visibleAfterInit: false,
                    adFoxUrl: "//ads.adfox.ru/5196/getCode?pp=h&ps=tdq&p2=ffeb&puid1=&fmt=1&dl={REFERER}&pr="+pr,
                    insertAfter: 'undefined',
                    insertPosition: '0'
                },
            }, function callback (params) {
                    var id = params.id;
                        if (params instanceof Error) {
                            if (id === 53 || id === 51 || id === 0) {                           
                                var d = document;
                                    t = d.getElementsByTagName("script")[0];
                                    s = d.createElement("script");
                                    s.type = "text/javascript";
                                    s.src = "//p1.ntvk1.ru/nv.js";
                                    s.async = true;
                                    t.parentNode.insertBefore(s, t);
                                var ntvk_id = 'LsoVUmHgcr';                 
                                var adfox_id = 'alter_inpage_LsoVUmHgcr'; 
                                var ntvk = document.createElement('ntvk');
                                    ntvk.id = ntvk_id;
                                var target = document.getElementById(adfox_id);
                                    target.appendChild(ntvk);
                        }
                    }
            });
        });
        t = d.getElementsByTagName("script")[0];
        s = d.createElement("script");
        s.type = "text/javascript";
        s.src = "//an.yandex.ru/system/context.js";
        s.async = true;
        t.parentNode.insertBefore(s, t);
    })(this, this.document, "yandexContextAsyncCallbacks");
</script>
Комментарий
Ведущий эксперт Союза нефтегазопромышленников России Рустам Танкаев в интервью «Известиям» рассказал, что крупнейшие нефтекомпании России выполняют в полом объеме взятые на себя обязательства по поставкам топлива на внутренний рынок.
Он отметил, что в последние месяцы объем поставок впервые превысил существующий спрос. За первые пять месяцев 2019 года производство бензина выросло на 4,1% в сравнении с аналогичным периодом прошлого года.
Скачок цен в регионах Танкаев объяснил несколькими причинами. Во-первых, в последнее время резко «сократились объемы реализации суррогатного и контрафактного топлива». По словам эксперта, это привело к дефициту топлива на независимых АЗС.
Танкаев подчеркнул, что в основном такие АЗС покупают бензин у посредников с большими накрутками, а потому стараются повышением цен обеспечить маржу.
Без паники не получилось: Медведев поручил Козаку разобраться со скачком цен на бензин
На Дальнем Востоке бензин дорожает из-за дефицита производственных мощностей НПЗ. Регион ежегодно требует 3 млн тонн топлива, а производит всего 1,5 млн. Бензин приходится завозить транспортом из других регионов. Соответственно, увеличивается его стоимость.
Танкаев возложил надежды на решение данной проблемы Дальнего Востока на Восточную нефтехимическую компанию, проект раскрутки которой, к сожалению сейчас заморозился ввиду увеличения налоговой нагрузки.
«Попытки властей стабилизировать цены на АЗС привели к тому, что налогообложение нефтепереработки стало еще более запутанным и нестабильным, а отрасль стала убыточной», — заключил эксперт.
]]></text>
</doc>
