<?xml version='1.0' encoding='UTF-8'?>
<doc>
  <title auto="true" type="str" verify="true"><![CDATA[120-летний юбилей отметит сочинская вилла «Надежда»]]></title>
  <category auto="true" type="str" verify="true"><![CDATA[Культура/Архитектура]]></category>
  <source auto="true" type="str" verify="true"><![CDATA[https://www.infox.ru//news/289/culture/architecture/218813-120-letnij-ubilej-otmetit-socinskaa-villa-nadezda]]></source>
  <text auto="true" type="str" verify="true"><![CDATA[
Пресс-служба города-курорта сообщает о праздновании юбилейной даты сочинской виллы «Надежда». В честь этого события 14 июня в 17:00 в парке «Дендрарий» пройдет концерт «Женские образы в зарубежной опере».
Помимо этого, в рамках юбилейных торжеств посетители Сочинского национального парка отметят другую, не менее важную дату – пятилетие открытия Дома-музея драматурга, мецената, писателя, общественного деятеля и хранителя традиций русского балета Сергея Худекова.
Вилла «Надежда» получила современное название по имени жены Сергея Худекова. Более 120 лет уникальные объекты архитектуры украшают пространство вокруг особняка. Со смотровой площадки виллы открывается потрясающий вид на пальмы, кипарисы и другие растения «Дендрария».
Выставочная экспозиция виллы «Надежда», открывшейся в 2014 году после реконструкции в качестве дома-музея, состоит из пяти комнат. Они рассказывают о жизни семьи Худековых.
– Посетители могут своими глазами увидеть подлинные исторические материалы, рабочий кабинет хозяина, столовую и обширную частную библиотеку. Сергей Худеков был большим поклонником балета, именно здесь был открыт первый «Музей балета» в Сочи, - сообщает пресс-служба ФГБУ «Сочинский национальный парк».
]]></text>
</doc>
