<?xml version='1.0' encoding='UTF-8'?>
<doc>
  <title auto="true" type="str" verify="true"><![CDATA[Иран заявил о сбитом американском дроне, США ничего не знают]]></title>
  <category auto="true" type="str" verify="true"><![CDATA[В мире/Политика]]></category>
  <source auto="true" type="str" verify="true"><![CDATA[https://www.infox.ru//news/282/world/politics/219285-iran-zaavil-o-sbitom-amerikanskom-drone-ssa-nicego-ne-znaut]]></source>
  <text auto="true" type="str" verify="true"><![CDATA[
Беспилотник-разведчик Global Hawk сбили на юге Ирана, сообщили иранские СМИ.
Дрон якобы сбили военные Корпуса стражей исламской революции в провинции Хормозган на юге страны, сообщил Press TV со ссылкой на заявление КСИР.
Беспилотник предположительно нарушил воздушное пространство Ирана, после чего сразу был сбит. Фотографий с места крушения СМИ не показали, других доказательств также не предоставили.
В Вооруженных силах США оперативно опровергли сообщение об уничтожении летательного аппарата. Военные заявили, что в указанное время американские дроны не входили в иранское воздушное пространство.
Россия не даст США разорвать Иран – СМИ
Ранее Минобороны США заявило о направлении в ближневосточный регион около 1 тысячи военных. Решение об усилении контингента приняли на фоне обострения противоречий между Вашингтоном и Тегераном, а также подрыва танкеров в Оманском проливе. Американские военные планировали усилить группировку за счет самолетов-разведчиков, дронов и комплексов ПВО Patriot.
В последнее время отношения между США и Ираном обострились. Соединенные Штаты ввели антииранские экономические санкции, а КСИР объявили террористической группировкой. Иран в ответ признал Центральное командование ВС США террористической организацией, а США — «спонсором терроризма».
Вашингтон решил напугать Тегеран авианосцем, который направил к берегам ближневосточного государства, а также бомбардировщиками. При этом лидеры обоих стран заявили не нежелании войны. Дональда Трамп добавил, что готов инициировать военные действия для предотвращения получения ядерного оружия Ираном.
]]></text>
</doc>
