<?xml version='1.0' encoding='UTF-8'?>
<doc>
  <title auto="true" type="str" verify="true"><![CDATA[Тулякам представят возможности радиоуправляемого «СУ-57»]]></title>
  <category auto="true" type="str" verify="true"><![CDATA[Наука и технологии/Технологии]]></category>
  <source auto="true" type="str" verify="true"><![CDATA[https://www.infox.ru//news/251/science/technology/219351-tulakam-predstavat-vozmoznosti-radioupravlaemogo-su-57]]></source>
  <text auto="true" type="str" verify="true"><![CDATA[
Жители Тулы через три дня получать возможность оценить мастерство любителей радиоуправляемых моделей самолетов и вертолетов в рамках проведения 11-го фестиваля «Тульские крылья».
Фестиваль начнется утром 23 июня на аэродроме «Клоково».
Гвоздем программы станет полет модели новейшего российского истребителя СУ-57. Тулякам представят единственную в мире модель данного самолета. Размах ее крыльев составляет 3,5 метра. У настоящего СУ-57 - 14 метров.
Помимо СУ-57 в небо над «Клоково» поднимутся легендарные «Илья Муромец» и «МиГ-29».
По информации «Первого тульского», в фестивале примут участие любители моделирования из Москвы, Подмосковья, Тулы и Ростова-на-Дону.
В программе предусмотрены различные виды пилотирования – от группового воздушного боя до воздушного фристайла и акробатики. Для зрелищности во время полетов будет использоваться пиротехника.
]]></text>
</doc>
