<?xml version='1.0' encoding='UTF-8'?>
<doc>
  <title auto="true" type="str" verify="true"><![CDATA[Тула встретит День России трезвой]]></title>
  <category auto="true" type="str" verify="true"><![CDATA[Власть и Общество/Общество]]></category>
  <source auto="true" type="str" verify="true"><![CDATA[https://www.infox.ru//news/282/social/society/218817-tula-vstretit-den-rossii-trezvoj]]></source>
  <text auto="true" type="str" verify="true"><![CDATA[
12 июня в Туле ограничат продажу алкогольных напитков.
Ограничения затронут места проведения массовых праздников, посвященных Дню России. Об этом сообщили в городской администрации.
Историю Тулы расскажут в Москве
Основной площадкой праздника станет площадь Ленина и территория Тульского кремля. Она будет работать с 12:00 до 22:00. На этой территории не будут продавать алкоголь, как и за 1 тысячу метров до входа на площадку. Ограничения будут действовать за три часа до мероприятия, во время его проведения и в течение трех часов после. Таковы требования регионального закона от 2006 года.
Администрация попросила торговые точки близ Кремля вывесить информационные таблички об ограничении продажи спиртного. Под запрет попали все виды алкоголя, включая пиво, сидр, медовуху.
День России в Туле отметят насыщенной программой. На главной городской площади заработает фестиваль «Автострада». Его участники сразятся в авторалли за Кубок губернатора Тульской области. Туляков и гостей города также ждет концертная программа, гвоздем которой станет рэпер МОТ.
]]></text>
</doc>
