<?xml version='1.0' encoding='UTF-8'?>
<doc>
  <title auto="true" type="str" verify="true"><![CDATA[ООН: население России сократится до 100 млн человек]]></title>
  <category auto="true" type="str" verify="true"><![CDATA[Власть и Общество/Общество]]></category>
  <source auto="true" type="str" verify="true"><![CDATA[https://www.infox.ru//news/251/social/society/219107-oon-naselenie-rossii-sokratitsa-do-100-tysac]]></source>
  <text auto="true" type="str" verify="true"><![CDATA[
В ООН опубликовали прогноз по численности населения планеты на ближайшие 80 лет. Общее количество жителей уже в 2050 году превысит 10 млрд человек. Однако место России в этой гонке -  в числе аутсайдеров.
В демографическом докладе ООН говорится, что через 59 лет население России может сократиться до 100 млн и ниже. Это пессимистичный прогноз. Оптимистичный вариант – увеличение численности граждан до 160 млн в те же сроки.
Усредненный прогноз к 2078 году говорит о предполагаемой численности россиян в 127,5 млн. Сейчас в России проживает 145 млн.
Из документа следует, что в России сейчас наблюдается серьезный дисбаланс в соотношении численности мужчин и женщин (86,4 против 100). Аналогичная ситуация зафиксированы лишь в нескольких странах - Непал, Латвия, Литва, Украина.
В ООН полагают, что со временем дисбаланс будет приходить в гармонию. Но очень медленно: 90,2 против 100 к 2060 году.

<script type="text/javascript">
    if (typeof(pr) == 'undefined') { var pr = Math.floor(Math.random() * 4294967295) + 1; }
    (function(w, d, n, s, t) {
        w[n] = w[n] || [];
        w[n].push(function() {
            Ya.Context.AdvManager.render({
                blockId: "VI-148264-0",
                renderTo: 'inpage_VI-148264-0-539298168',
                inpage: {
                    slide: true,
                    visibleAfterInit: false,
                    adFoxUrl: "//ads.adfox.ru/5196/getCode?pp=h&ps=tdq&p2=ffeb&puid1=&fmt=1&dl={REFERER}&pr="+pr,
                    insertAfter: 'undefined',
                    insertPosition: '0'
                },
            }, function callback (params) {
                    var id = params.id;
                        if (params instanceof Error) {
                            if (id === 53 || id === 51 || id === 0) {                           
                                var d = document;
                                    t = d.getElementsByTagName("script")[0];
                                    s = d.createElement("script");
                                    s.type = "text/javascript";
                                    s.src = "//p1.ntvk1.ru/nv.js";
                                    s.async = true;
                                    t.parentNode.insertBefore(s, t);
                                var ntvk_id = 'LsoVUmHgcr';                 
                                var adfox_id = 'alter_inpage_LsoVUmHgcr'; 
                                var ntvk = document.createElement('ntvk');
                                    ntvk.id = ntvk_id;
                                var target = document.getElementById(adfox_id);
                                    target.appendChild(ntvk);
                        }
                    }
            });
        });
        t = d.getElementsByTagName("script")[0];
        s = d.createElement("script");
        s.type = "text/javascript";
        s.src = "//an.yandex.ru/system/context.js";
        s.async = true;
        t.parentNode.insertBefore(s, t);
    })(this, this.document, "yandexContextAsyncCallbacks");
</script>
Параллельно с процессом вымирания в России идет быстрое старение населения. Сейчас медианный возраст составляет 39,6 года (точка раздела между старшим и младшим возрастом пополам). По оценке ООН, уже к 2035 году это значение составит 44 года, а затем останется на таком уровне в течение многих десятилетий.
Соответственно, вырастет нагрузка на трудоспособное население. В 2020 году на сотню работников будет приходиться 51,2 детей и стариков, к 2030-му – 58,6, к 2045 – выше 60.
Рождаемость также будет падать с нынешних 9,29 млн до 8,24 к 2025 году и в районе 7,08 к 2030-2035 годам.
Русские «закончатся к 2050 году» – Дмитрий Смирнов
В числе положительных моментов – рост продолжительности жизни до 73 лет к 2025 году и до 73,7 к 2030-му. Тем не менее, такие цифры не позволяют выбиться России на уровень продолжительности жизни, равный среднемировому (на 0,4 года выше).
В докладе ООН отмечается, что в лидеры по числу населения к концу столетия выйдет Индия, обогнав Китай.
Напомним, ранее Росстат опубликовал данные, по которым в 2018 году численность населения России сократилась впервые за 10 лет. Такой результат получился благодаря тому, что в страну уменьшился приток мигрантов, ранее частично восполнявших демографический провал.
]]></text>
</doc>
