<?xml version='1.0' encoding='UTF-8'?>
<doc>
  <title auto="true" type="str" verify="true"><![CDATA[В ХМАО назначен новый директор департамента культуры]]></title>
  <category auto="true" type="str" verify="true"><![CDATA[Власть и Общество/Политика]]></category>
  <source auto="true" type="str" verify="true"><![CDATA[https://www.infox.ru//news/289/social/rupolitics/219435-v-hmao-naznacen-novyj-direktor-departamenta-kultury]]></source>
  <text auto="true" type="str" verify="true"><![CDATA[
Глава Югры Наталья Комарова назначила нового директора регионального департамента культуры. Им стал 35-летний Артур Латыпов. Он приступил к исполнению своих обязанностей сегодня, 21 июня.
Известно, что Артур Латыпов родился в городе Туймазы республики Башкортостан. Он получил образование в Октябрьском музыкальном училище по специальности «Инструментальное исполнение». Затем, в 2011 году, нынешний чиновник окончил Восточную экономико-юридическую гуманитарную академию по специальности «Менеджмент организации».
Артур Латыпов начал трудовую деятельность в Октябрьской детской школе искусств №1. Там он работал преподавателем по классу гитары. Затем перешел на должность преподавателя в детскую школу искусств Югорска. С 2016 года до настоящего времени руководил СОШ №5 города Югорска.
]]></text>
</doc>
