<?xml version='1.0' encoding='UTF-8'?>
<doc>
  <title auto="true" type="str" verify="true"><![CDATA[Экспорт краснодарского вина к 2024 году увеличится в полтора раза]]></title>
  <category auto="true" type="str" verify="true"><![CDATA[Экономика и бизнес/Компании]]></category>
  <source auto="true" type="str" verify="true"><![CDATA[https://www.infox.ru//news/250/economy/company/218815-eksport-krasnodarskogo-vina-k-2024-godu-uvelicitsa-v-poltora-raza]]></source>
  <text auto="true" type="str" verify="true"><![CDATA[
Проект закона «О развитии виноградарства и виноделия в России», принятый Госдумой в первом чтении, особенно актуальнен для виноделов Краснодарского края, отметил вице-губернатор Андрей Коробка.
Меры по стимулированию развития отрасли и совершенствование законодательной базы обсудили на всероссийском совещании по развитию виноградарства и виноделия, которое провел зампред российского правительства Алексей Гордеев. Сейчас законопроект «О развитии виноградарства и виноделия в России» дорабатывается, также подготовлены поправки в законодательство, регулирующие производство и оборот этилового спирта и алкогольной продукции, а также в налоговый и бюджетный кодексы.
«Доля кубанских производителей вин на винодельческом рынке страны – почти половина. Мы особенно ждем принятия нового закона с учетом предложений, которые озвучивают сами представители отрасли. К примеру, необходима поддержка нашим виноградарям и виноделам, производящим вино из винограда. Необходимо защитить их от недобросовестной конкуренции с теми, кто разливает импортный виноматериал, а при этом называет свой продукт российским вином. По прогнозам в ближайшие пять лет экспорт вина вырастет почти в 1,5 раза – до 445 тыс. декалитров», – подчеркнул заместитель губернатора.
]]></text>
</doc>
