<?xml version='1.0' encoding='UTF-8'?>
<doc>
  <title auto="true" type="str" verify="true"><![CDATA[На месте незаконных торговых точек в Краснодаре появится парковка]]></title>
  <category auto="true" type="str" verify="true"><![CDATA[Власть и Общество/Общество]]></category>
  <source auto="true" type="str" verify="true"><![CDATA[https://www.infox.ru//news/289/social/society/219006-na-meste-nezakonnyh-torgovyh-tocek-v-krasnodare-poavitsa-parkovka]]></source>
  <text auto="true" type="str" verify="true"><![CDATA[
В Краснодаре начали благоустраивать территорию на пересечении улиц Стасова и Бургасской. Об этом сообщили в администрации города.
Ранее на этом месте находились незаконные торговые точки. Около 60 ларьков были демонтированы в феврале текущего года. В скором времени на их месте появится автомобильная парковка, где можно будет оставить более тридцати машин.
Такое решение власти приняли после встречи, на которую были приглашены местные жители. Они отметили, что родителям учеников двух расположенных рядом школ попросту негде парковаться.
Помимо этого, на освобожденной от ларьков территории будут организовываться ярмарки выходного дня. Это связано с тем, что ближайшие торговые точки такого рода находятся очень далеко от микрорайона.
]]></text>
</doc>
