<?xml version='1.0' encoding='UTF-8'?>
<doc>
  <title auto="true" type="str" verify="true"><![CDATA[По трассам Кубани запретили ездить грузовикам]]></title>
  <category auto="true" type="str" verify="true"><![CDATA[Власть и Общество/Общество]]></category>
  <source auto="true" type="str" verify="true"><![CDATA[https://www.infox.ru//news/289/social/society/218812-po-trassam-kubani-zapretili-ezdit-gruzovikam]]></source>
  <text auto="true" type="str" verify="true"><![CDATA[
Пресс-служба администрации Краснодарского края сообщила об ограничениях, касающихся проезда большегрузного транспорта по региональным дорогам Кубани. 
Ограничения для грузовиков являются традиционными для лета на Кубани, напоминает пресс-служба краевой администрации. Запрет начинает действовать в 9 часов утра и длится до 9 часов вечера, в случае если столбики термометров достигают отметки 32 градусов тепла и выше.
Ожидается, что принятые меры сведут на минимум нагрузку на дорожное полотно и помогут сохранить его в жару. Помимо этого, власти надеются на то, что ограничения помогут разгрузить дороги для миллионов туристов, которые приезжают на кубанские курорты на своем личном транспорте.
На межмуниципальных и региональных трассах ограничения были введены после подписания соответствующего документа. Запрет на федеральных трассах начнет действовать с 16 июня.
]]></text>
</doc>
