<?xml version='1.0' encoding='UTF-8'?>
<doc>
  <title auto="true" type="str" verify="true"><![CDATA[Путин ответил на вопрос о «банде патриотов» из «Единой России»]]></title>
  <category auto="true" type="str" verify="true"><![CDATA[Власть и Общество/Общество]]></category>
  <source auto="true" type="str" verify="true"><![CDATA[https://www.infox.ru//news/29/social/society/219302-putin-otvetil-na-vopros-o-bande-patriotov-iz-edinoj-rossii]]></source>
  <text auto="true" type="str" verify="true"><![CDATA[
В ходе прямой линии с президентом Владимиром Путиным ему задали вопрос по смс «Куда нас ведет банда патриотов из «Единой России»?
Путин ответил в том ключе, что членов «ЕР» не стоит называть бандой. По его словам, эти люди взяли на себя ответственность за будущее России, как зрелые люди. Они приняли на себя ответственность за те решения, которые в народе, может быть, и не популярны, но важно помнить, что эти решения необходимы. Путин заметил, что единороссы ставят своей целью укрепление России и улучшение жизни россиян.
Также Путин не преминул покритиковать своего предшественника Бориса Ельцина и его команду. Он заметил, что люди, находившиеся у власти в 90-х, ответственны за развал промышленности, оборонного комплекса и ВС РФ. По его словам, они чуть не довели страну до гражданской войны и поставили ее на грань развала.
Правда, после этой тирады Путин оговорился, что далеко не все люди, которые работали во власти в 90-е годы, несут ответственность за происходившие тогда процессы.
Путин подчеркнул, что в настоящее время в России нет экономической системы 90-х годов, пишет ФАН. Нет долгов, нет зависимости от Международного валютного фонда (МВФ), напротив, как добавил Путин, в России растут золотовалютные резервы.
Задают в ходе прямой линии и другие острые вопросы, но ведущие их не озвучивают. Издание Накануне.RU приводит примеры таких вопросов:
<ul><li>Как вы думаете, на сколько лет еще хватит ресурсов СССР?</li>
<li>Только один вопрос, когда вы уйдете?</li>
<li>Что толку от ваших прямых встреч, если ничего страшного не меняется в лучшую сторону?</li>
<li>Допускаете ли вы возможность досрочно покинуть пост президента?</li>
</ul>
]]></text>
</doc>
