<?xml version='1.0' encoding='UTF-8'?>
<doc>
  <title auto="true" type="str" verify="true"><![CDATA[В Челябинске пройдет четвертый фестиваль народных напитков]]></title>
  <category auto="true" type="str" verify="true"><![CDATA[LIfeStyle/Хобби и развлечения]]></category>
  <source auto="true" type="str" verify="true"><![CDATA[https://www.infox.ru//news/289/lifestyle/hobby/219203-v-celabinske-projdet-cetvertyj-festival-narodnyh-napitkov]]></source>
  <text auto="true" type="str" verify="true"><![CDATA[
19 и 20 июля в Челябинске в четвертый раз пройдет семейный фестиваль народных напитков. Место проведения – берег озера Курочкино.
Гости праздника смогут попробовать ячменный и ржаной квас, сбитень, ягодный морс, кисель и другие традиционные русские угощения, сделанные мастерами по старинным рецептам.
Ожидается, что народные напитки во время фестиваля представят производители из разных городов России, а также зарубежных стран. Принять участие в событии уже изъявили желание представители Сербии, Украины, Казахстана и Беларуси.
Отметим, что подобные праздники для Южного Урала играют важную роль в формировании имиджа. Челябинская область знаменита не только фестивалем народных напитков, но и Бажовским, Бушуевским и Ильменским фестивалями. Ежегодно их гостями становятся тысячи человек. А это значит, что о местных красотах и гостеприимстве узнают все больше россиян и жителей иностранных государств.
]]></text>
</doc>
