<?xml version='1.0' encoding='UTF-8'?>
<doc>
  <title auto="true" type="str" verify="true"><![CDATA[Владимир Путин наградил главу кубанской больницы]]></title>
  <category auto="true" type="str" verify="true"><![CDATA[Власть и Общество/Общество]]></category>
  <source auto="true" type="str" verify="true"><![CDATA[https://www.infox.ru//news/289/social/society/218898-vladimir-putin-nagradil-glavu-kubanskoj-bolnicy]]></source>
  <text auto="true" type="str" verify="true"><![CDATA[
Президент Владимир Путин вручил награду выдающемуся жителю Краснодарского края Владимиру Порханову. Торжественное мероприятие прошло в Кремле в День России, 12 июня.
Как сообщает пресс-служба министерства здравоохранения Краснодарского края, глава страны вручил руководителю НИИ-Краевая больница №1 имени профессора С.В. Очаповского, профессору и академику РАН Владимиру Порханову Государственную премию в области науки и технологий.
Главной награды страны ученый удостоился за свою научную деятельность – она помогла внедрить в медицину новые виды операций на трахее. Уникальные оперативные вмешательства сегодня успешно выполняются в НИИ-ККБ№1 под руководством и при участии академика. Помимо этого, в больнице ведутся работы по созданию искусственных трахеи, диафрагмы и пищевода.
]]></text>
</doc>
