<?xml version='1.0' encoding='UTF-8'?>
<doc>
  <title auto="true" type="str" verify="true"><![CDATA[В Сочи состоится обсуждение проблем биологической безопасности]]></title>
  <category auto="true" type="str" verify="true"><![CDATA[Наука и технологии/Медицина]]></category>
  <source auto="true" type="str" verify="true"><![CDATA[https://www.infox.ru//news/289/science/medicine/219255-v-soci-sostoitsa-obsuzdenie-problem-biologiceskoj-bezopasnosti]]></source>
  <text auto="true" type="str" verify="true"><![CDATA[
20 и 21 июня в Сочи пройдёт вторая Международная конференция «Глобальные угрозы биологической безопасности. Проблемы и решения». Событие состоится в гостинице Radisson Rosa Khutor.
Представлять российскую делегацию будут главный санитарный врач России Анна Попова, замминистра МИД РФ Сергей Рябков, сотрудники Минобороны РФ, Министерства промышленности и торговли, а также других ведомств. Участие в конференции примут представители ООН и зарубежных государств, которые работают в сфере обеспечения биологической безопасности.
В программе мероприятия - выступления ведущих мировых специалистов и ученых более чем из 40 стран мира.
- Особое внимание будет уделено представлению передовых наработок по профилактике и чрезвычайному реагированию на эпидемические угрозы, демонстрации соответствующей материальной части и технологий, а также российскому опыту по развитию профильного международного сотрудничества в мирных целях, - сообщили в пресс-службе города-курорта.
]]></text>
</doc>
