<?xml version='1.0' encoding='UTF-8'?>
<doc>
  <title auto="true" type="str" verify="true"><![CDATA[На Кубани проходит акция «Красная гвоздика»]]></title>
  <category auto="true" type="str" verify="true"><![CDATA[Власть и Общество/Общество]]></category>
  <source auto="true" type="str" verify="true"><![CDATA[https://www.infox.ru//news/289/social/society/219199-na-kubani-prohodit-akcia-krasnaa-gvozdika]]></source>
  <text auto="true" type="str" verify="true"><![CDATA[
В четвертый раз Краснодарский край присоединился к всероссийской патриотической акции «Красная гвоздика». Мероприятие продлится до 22 июня.
Как передает пресс-служба краевой администрации, в рамках акции по всей стране жители различных регионов могут приобрести в городских скверах и парках, на центральных улицах и в других общественных пространствах значки с изображением цветка и словами «Я помню. Я помогаю». Их распространяют представители благотворительного фонда «Память поколений», движения «Волонтеры Победы» и «серебряные» волонтеры. Последние присоединились к мероприятию только в этом году.
Купить значок «Красная гвоздика» можно в крупных торговых сетях, а также у партнеров акции. Средства от продажи будут направлены на оказание квалифицированной медицинской помощи ветеранам боевых действий.
]]></text>
</doc>
