<?xml version='1.0' encoding='UTF-8'?>
<doc>
  <title auto="true" type="str" verify="true"><![CDATA[Праздник выпускников «Алые паруса» пройдёт в Анапе]]></title>
  <category auto="true" type="str" verify="true"><![CDATA[Власть и Общество/Общество]]></category>
  <source auto="true" type="str" verify="true"><![CDATA[https://www.infox.ru//news/289/social/society/219420-prazdnik-vypusknikov-alye-parusa-projdet-v-anape]]></source>
  <text auto="true" type="str" verify="true"><![CDATA[
25 июня в Анапе пройдёт выпускной бал под названием «Алые паруса». Об этом сообщает пресс-служба администрации города.
Праздничные мероприятия начнутся на площади фонтанов около здания мэрии. С 18:30 до 19:30 здесь будут работать фотозоны и интерактивные площадки. После этого на улице Горького выпускники городских школ выстроятся в колонны и прошествуют до Театральной площади. В 20:25 здесь начнется концертная программа. Далее пройдёт торжественная церемония награждения ребят, которые стали медалистами и получили высший балл на Едином государственном экзамене.
После официальной части начнется интерактивная концертная программа. Перед уже бывшими учениками школ выступит, в том числе, кавер-группа. Она исполнит известные хиты. В 10 часов вечера начнется праздничный салют, посвящённый выпускному балу.
]]></text>
</doc>
