<?xml version='1.0' encoding='UTF-8'?>
<doc>
  <title auto="true" type="str" verify="true"><![CDATA[Первая трамвайная остановка с новым дизайном появилась в Краснодаре]]></title>
  <category auto="true" type="str" verify="true"><![CDATA[Власть и Общество/Общество]]></category>
  <source auto="true" type="str" verify="true"><![CDATA[https://www.infox.ru//news/289/social/society/219422-pervaa-tramvajnaa-ostanovka-s-novym-dizajnom-poavilas-v-krasnodare]]></source>
  <text auto="true" type="str" verify="true"><![CDATA[
В Юбилейном районе Краснодара в тестовом режиме заработала новая остановка для трамваев. Она имеет дизайн, специально разработанный для краевого центра.
По словам главного архитектора Краснодара Натальи Машталир, концепция остановочного павильона разрабатывалась таким образом, чтобы он по максимуму гармонировал с внешним видом современного города. По мнению авторов концепции, выбранный цвет - тёмно-серый - хорошо смотрится в городской среде. Помимо этого, на остановке предусмотрено место для маломобильных групп населения и мамочек с колясками. Оно находится в правом углу павильона.
- Также сейчас идет разработка концепции новых конструкций остановок для троллейбусов и автобусов. Первый образец появился по Ставропольской на пересечении со Стасова, - сообщили в пресс-службе администрации Краснодара.
Отметим, что пока трамвайная остановка работает в тестовом режиме. Специалисты в ближайшее время должны оценить удобство её использования.
]]></text>
</doc>
