<?xml version='1.0' encoding='UTF-8'?>
<doc>
  <title auto="true" type="str" verify="true"><![CDATA[Краснодарцев зовут на историческую экскурсию]]></title>
  <category auto="true" type="str" verify="true"><![CDATA[Власть и Общество/Общество]]></category>
  <source auto="true" type="str" verify="true"><![CDATA[https://www.infox.ru//news/289/social/society/219100-krasnodarcev-zovut-na-istoriceskuu-ekskursiu]]></source>
  <text auto="true" type="str" verify="true"><![CDATA[
22 июня туристско-информационный центр Краснодара проведет экскурсию по Всесвятскому кладбищу. Тематическое мероприятие пройдет под названием «Легенды старого погоста».
Во время необычной прогулки экскурсантов проведут по местам захоронения таких известных людей, как генерал-лейтенант Григорий Рашпиль, архитектор Иван Мальгерба, основатель политехнического института Александр Пароменский, купцы Богарсуковы и Тарасовы, и так далее.
– Экскурсовод расскажет о тех, кто сыграл значимую роль в преобразовании Войскового казачьего града в крупный торговый и промышленный центр — Екатеринодар, — сказала директор ТИЦ Марина Шарапова.
Экскурсия начнется в 16:00 22 июня. В это время жителей и гостей краевой столицы ждут на площади Памяти Героев. Продолжительность прогулки составит 2 часа. Необходима предварительная запись по телефону 8 (861) 218-97-77.
]]></text>
</doc>
