<?xml version='1.0' encoding='UTF-8'?>
<doc>
  <title auto="true" type="str" verify="true"><![CDATA[В Краснодаре частично перекроют улицу Покрышкина]]></title>
  <category auto="true" type="str" verify="true"><![CDATA[Власть и Общество/Общество]]></category>
  <source auto="true" type="str" verify="true"><![CDATA[https://www.infox.ru//news/289/social/society/219098-v-krasnodare-casticno-perekrout-ulicu-pokryskina]]></source>
  <text auto="true" type="str" verify="true"><![CDATA[
С 20 по 23 июня в столице Кубани будет частично перекрыто движение по улице Покрышкина, сообщила пресс-служба администрации Краснодара.
Одностороннее движение транспорта будет организовано вдоль автодороги по улице Дзержинского – от улицы Покрышкина в направлении Кореновской до дома №223. Это связано с ремонтом в рамках нацпроекта «Безопасные и качественные дороги». В течение нескольких дней на участке магистрали рабочие установят светофоры, дорожные знаки и нанесут разметку.
В пресс-службе городской администрации добавили, что по улице имени Александра Покрышкина – от улицы Дзержинского до дома №2/2 – будет отремонтировано покрытие проезжей части, а также оборудованы широки тротуары и обновлены дорожные знаки. Работы будут проводиться, в том числе, и на подходе к улице Дзержинского.
]]></text>
</doc>
