<?xml version='1.0' encoding='UTF-8'?>
<doc>
  <title auto="true" type="str" verify="true"><![CDATA[В Кургане перекроют улицу Коли Мяготина]]></title>
  <category auto="true" type="str" verify="true"><![CDATA[Власть и Общество/Общество]]></category>
  <source auto="true" type="str" verify="true"><![CDATA[https://www.infox.ru//news/289/social/society/219434-v-kurgane-perekrout-ulicu-koli-magotina]]></source>
  <text auto="true" type="str" verify="true"><![CDATA[
Сегодня, 21 июня, в Кургане для всех видов транспорта будет закрыта часть улицы Коли Мяготина. Об этом сообщили в пресс-службе администрации города.
Ограничения будут действовать в течение пяти дней. Участок городской магистрали, расположенный между улицей Зорге и улицей 1 Мая, будет недоступен для автомобильного движения уже вечером пятницы – его перекроют в 21:00. Ограничения планируют снять во вторник, 25 июня. Автомобилисты смогут проехать по улице с шести часов утра.
Перекрытие улицы Коли Мяготина связано с проведением аварийных работ на сетях СП «Тепловые сети». Дело в том, что во время гидравлических испытаний на магистральном трубопроводе теплосетей были обнаружены дефекты, которые необходимо устранить в оперативном порядке.
По той же причине вчера, 20 июня, был закрыт участок улицы Комсомольской – от улицы Советской до улицы Куйбышева. Дорога снова станет доступна для автомобилистов 3 июля.
]]></text>
</doc>
