<?xml version='1.0' encoding='UTF-8'?>
<doc>
  <title auto="true" type="str" verify="true"><![CDATA[Екатеринбургский депутат «не делал заявлений» о мечетях вместо храмов]]></title>
  <category auto="true" type="str" verify="true"><![CDATA[Власть и Общество/Общество]]></category>
  <source auto="true" type="str" verify="true"><![CDATA[https://www.infox.ru//news/251/social/society/219060-ekaterinburgskij-deputat-ne-delal-zaavlenij-o-mecetah-vmesto-hramov]]></source>
  <text auto="true" type="str" verify="true"><![CDATA[
Депутат гордумы Екатеринбурга Александр Колесников опроверг информацию о том, что он будто бы говорил о необходимости построить в городе православный храм, альтернативой которому обязательно станет мечеть.
В интервью радиостанции «Говорит Москва» он заявил, что не получал от Духовного управления мусульман Свердловской области никаких сообщений с требованиями разъяснить ситуацию.
«Я два раза почту сегодня смотрел и никакого письма не видел. Я не делал никаких заявлений», - сказал Колесников.
Ранее местные СМИ распространили новость о том, что Колесников пригрозил противникам строительства храма в сквере Екатеринбурга напротив драмтеатра, второй Швейцарией, жители которой несколько лет назад путем референдума заблокировали проект строительства мечети.
«Не будет храма — будут мечети», - такую фразу журналисты приписали Колесникову. Кроме того, Колесников якобы добавил, что городское правительство будет работать лучше, «освящаемое колокольным звоном».

<script type="text/javascript">
    if (typeof(pr) == 'undefined') { var pr = Math.floor(Math.random() * 4294967295) + 1; }
    (function(w, d, n, s, t) {
        w[n] = w[n] || [];
        w[n].push(function() {
            Ya.Context.AdvManager.render({
                blockId: "VI-148264-0",
                renderTo: 'inpage_VI-148264-0-539298168',
                inpage: {
                    slide: true,
                    visibleAfterInit: false,
                    adFoxUrl: "//ads.adfox.ru/5196/getCode?pp=h&ps=tdq&p2=ffeb&puid1=&fmt=1&dl={REFERER}&pr="+pr,
                    insertAfter: 'undefined',
                    insertPosition: '0'
                },
            }, function callback (params) {
                    var id = params.id;
                        if (params instanceof Error) {
                            if (id === 53 || id === 51 || id === 0) {                           
                                var d = document;
                                    t = d.getElementsByTagName("script")[0];
                                    s = d.createElement("script");
                                    s.type = "text/javascript";
                                    s.src = "//p1.ntvk1.ru/nv.js";
                                    s.async = true;
                                    t.parentNode.insertBefore(s, t);
                                var ntvk_id = 'LsoVUmHgcr';                 
                                var adfox_id = 'alter_inpage_LsoVUmHgcr'; 
                                var ntvk = document.createElement('ntvk');
                                    ntvk.id = ntvk_id;
                                var target = document.getElementById(adfox_id);
                                    target.appendChild(ntvk);
                        }
                    }
            });
        });
        t = d.getElementsByTagName("script")[0];
        s = d.createElement("script");
        s.type = "text/javascript";
        s.src = "//an.yandex.ru/system/context.js";
        s.async = true;
        t.parentNode.insertBefore(s, t);
    })(this, this.document, "yandexContextAsyncCallbacks");
</script>
На фразу о мечетях вместо храмов позже отреагировал председатель Духовного управления мусульман Свердловской области Артур Мухутдинов.
Сообщалось, что он направил Колесникову гневное письмо с требованием объяснить свои слова.
В пресс-релизе на сайте Духовного управления говорится о попытке представить мечеть, как нечто «заведомо нежелательное, негативное». Между тем, в России значительная часть автохтонного населения исповедует ислам, и Свердловская область не является исключением, где тысячи граждан являются мусульманами.
Особое возмущение вызвала позиция, противопоставляющая друг другу две крупнейшие мировые религии, что неминуемо ведет к росту напряженности в обществе на религиозной почве.
В тексе также отмечается, что Россия по Конституции является светским государством, и представителям власти не следовало бы затрагивать религиозные темы, тем более давать какие-либо оценки.
Мухутдинов подчеркнул, что «мусульмане Свердловской области глубоко оскорблены такой провокационной постановкой вопроса».
Он, правда, не исключил, что слова Колесникова моли быть неверно интерпретированы и выразил поддержку всем жителям Екатеринбурга и пользователям соцсетей, которые не повелись на провокацию.
Напомним, несколько недель назад Екатеринбург оказался в центре внимания СМИ из-за массовых протестов против строительства в центральном сквере храма Святой Екатерины. После того, как в ситуацию вмешался президент Владимир Путин, посоветовав провести дополнительный соцопрос, обстановка разрядилась. Тем не менее, в информационном пространстве конфликт до сих пор активно разжигается.
]]></text>
</doc>
