<?xml version='1.0' encoding='UTF-8'?>
<doc>
  <title auto="true" type="str" verify="true"><![CDATA[Новый ФАП появился в Абинском районе Краснодарского края]]></title>
  <category auto="true" type="str" verify="true"><![CDATA[Власть и Общество/Общество]]></category>
  <source auto="true" type="str" verify="true"><![CDATA[https://www.infox.ru//news/289/social/society/219257-novyj-fap-poavilsa-v-abinskom-rajone-krasnodarskogo-kraa]]></source>
  <text auto="true" type="str" verify="true"><![CDATA[
В Абинском районе Кубани начал работу новый медицинский объект. Об этом сегодня сообщила пресс-служба администрации Краснодарского края.
Краевой и районный бюджеты выделили более 2 миллионов рублей на возведение фельдшерско-акушерского пункта и его оснащение. Учреждение было открыто в хуторе Коробкин. Теперь в районе действуют тринадцать ФАПов и три офиса врача общей практики, добавили в пресс-службе администрации Кубани.
Всего же на территории края функционируют более 600 фельдшерско-акушерских пунктов и 250 офисов врачей общей практики. В текущем году на проектирование и строительство таких учреждений здравоохранения было направлено более 240 миллионов рублей из регионального бюджета.
Работа по развитию сети лечебных амбулаторий в небольших населенных пунктах проводится в рамках национального проекта «Здравоохранение».
]]></text>
</doc>
