<?xml version='1.0' encoding='UTF-8'?>
<doc>
  <title auto="true" type="str" verify="true"><![CDATA[Водоем в Платоновском парке в Туле загрязняют бензином]]></title>
  <category auto="true" type="str" verify="true"><![CDATA[Власть и Общество/Общество]]></category>
  <source auto="true" type="str" verify="true"><![CDATA[https://www.infox.ru//news/282/social/society/219167-vodoem-v-platonovskom-parke-v-tule-zagraznaut-benzinom]]></source>
  <text auto="true" type="str" verify="true"><![CDATA[
Сбросы ливневой канализации с бензомаслами сбрасываются в безымянный ручей в Платоновском парке.
Загрязненные воды попадают в водоем с территории микрорайона «Зеленострой-2», выяснила Тульская природоохранная прокуратура.
Компания «Стройкомплект» построила на парковках в микрорайоне локальные очистные сооружения для сбора ливневых, талых и сточных вод. Их сливали в границах водоохранной зоны, далее они попадали в ручей в парке. При этом у компании нет документов на пользование водными объектами.
Исследования Тульского ЦСМ показали, что в сточной воде превышено содержание загрязняющих элементов. По итогам проверки руководителю «Стройкомплекта» внесли представление с требованием оформить разрешения на пользование объектом, а также обновить очистку сточных вод.
Кроме того, вынесено постановление об открытии административных дел о самовольном занятии водного объекта и использовании водоохранной зоны с нарушениями. Их направили в тульское Министерство экологии.
]]></text>
</doc>
