<?xml version='1.0' encoding='UTF-8'?>
<doc>
  <title auto="true" type="str" verify="true"><![CDATA[Археологи предположили существование близ Тулы древнего города]]></title>
  <category auto="true" type="str" verify="true"><![CDATA[Власть и Общество/Образование]]></category>
  <source auto="true" type="str" verify="true"><![CDATA[https://www.infox.ru//news/29/social/education/218773-arheologi-predpolozili-susestvovanie-bliz-tuly-drevnego-goroda]]></source>
  <text auto="true" type="str" verify="true"><![CDATA[
Под Тулой археологи нашли предметы, свидетельствующие о существовании на территории области древнего поселения.
Речь идет о местности в 30 км от областного центра. Позже на этом месте появилась деревня Кетри. Найденные предметы датируются серединой XI и первой половиной XII веков, передает «Первый Тульский».
Куда исчез этот древнерусский город, археологи пока не понимают. У них есть две версии: либо горожане погибли в результате междоусобной войны, либо сами по какой-то причине покинули это место.
Сейчас специалисты музея «Куликово поле» проводят на территории масштабные раскопки. Если они обнаружат массовые захоронения, то значит, что верной оказалась первая версия.
Найденные предметы уже отправились в тульские музеи. Например, на раскопках обнаружен оберег «лунница» из меди, который часто носили как кулон или серьги. Также исследователи обнаружили специальные грузики на веретено и остатки глиняной посуды.
]]></text>
</doc>
