<?xml version='1.0' encoding='UTF-8'?>
<doc>
  <title auto="true" type="str" verify="true"><![CDATA[Реанимация рейтинга: какие задачи решал Кремль в ходе прямой линии]]></title>
  <category auto="true" type="str" verify="true"><![CDATA[Власть и Общество/Политика]]></category>
  <source auto="true" type="str" verify="true"><![CDATA[https://www.infox.ru//news/283/social/rupolitics/219391-reanimacia-rejtinga-kakie-zadaci-resal-kreml-v-hode-pramoj-linii]]></source>
  <text auto="true" type="str" verify="true"><![CDATA[
Цель прямой линии-2019 — формирование светлой в целом картины. 
Да, проблемы существуют, но они «устранимы», а в целом все неплохо. Целью прямой линии было решение важных для Кремля имиджевых задач, считает политик Григорий Явлинский.
С Путиным в основном общались с помощью репортажей с мест о достижениях, а также одиночных срежиссированных вопросов, отмечает политик. Так, отвечая на вопрос о падении доходов, президент сказал, что это произошло из-за внешних шоков и ситуации на рынке традиционных российских экспортных товаров, но сейчас это положение меняется в лучшую сторону.
Существуют и проблемы: выпускники не хотят работать в государственной медицине, никто ранее не считал, сколько стоит вывоз ТБО и так далее. Но зато коррупционных преступлений стало меньше, средства из бюджета на нацпроекты выделены (просто регионы их не осваивают).
Получается, как будто граждане сами сгущают краски, проблемы существуют, но они не такие уж и страшные, пишет Явлинский. О повышении пенсионного возраста вообще не говорили. Отдельные острые вопросы прозвучали, но профанировались. Вопрос по теме мусорных отходов задали не жители Архангельской области, крайне обеспокоенные этой важнейшей для них темой, а 15-летняя инстаграм-блогер.

<script type="text/javascript">
    if (typeof(pr) == 'undefined') { var pr = Math.floor(Math.random() * 4294967295) + 1; }
    (function(w, d, n, s, t) {
        w[n] = w[n] || [];
        w[n].push(function() {
            Ya.Context.AdvManager.render({
                blockId: "VI-148264-0",
                renderTo: 'inpage_VI-148264-0-539298168',
                inpage: {
                    slide: true,
                    visibleAfterInit: false,
                    adFoxUrl: "//ads.adfox.ru/5196/getCode?pp=h&ps=tdq&p2=ffeb&puid1=&fmt=1&dl={REFERER}&pr="+pr,
                    insertAfter: 'undefined',
                    insertPosition: '0'
                },
            }, function callback (params) {
                    var id = params.id;
                        if (params instanceof Error) {
                            if (id === 53 || id === 51 || id === 0) {                           
                                var d = document;
                                    t = d.getElementsByTagName("script")[0];
                                    s = d.createElement("script");
                                    s.type = "text/javascript";
                                    s.src = "//p1.ntvk1.ru/nv.js";
                                    s.async = true;
                                    t.parentNode.insertBefore(s, t);
                                var ntvk_id = 'LsoVUmHgcr';                 
                                var adfox_id = 'alter_inpage_LsoVUmHgcr'; 
                                var ntvk = document.createElement('ntvk');
                                    ntvk.id = ntvk_id;
                                var target = document.getElementById(adfox_id);
                                    target.appendChild(ntvk);
                        }
                    }
            });
        });
        t = d.getElementsByTagName("script")[0];
        s = d.createElement("script");
        s.type = "text/javascript";
        s.src = "//an.yandex.ru/system/context.js";
        s.async = true;
        t.parentNode.insertBefore(s, t);
    })(this, this.document, "yandexContextAsyncCallbacks");
</script>
Но главное, по мнению Явлинского, заключалось в другом: Кремль в ходе прямой линии стремился решить свои задачи. Среди них — поиск потенциала для перемены настроений общества и проверка возможности повышения рейтинга Путина.
Так, президент самостоятельно, без сторонних вопросов, актуализировал тему 90-х, о которой вспоминал несколько раз. Тема расплаты определенным лицам из 1990-х, по мнению Путина, должна приглянуться людям, считает Явлинский. Если будут заведены уголовные дела и начаты процессы, это вызовет рост его популярности.
Тема расплаты за 90-е как вариант темы «врагов народа» с давних пор была заготовлена на случай, когда нужно будет резко поднять рейтинг Путина при отсутствии реальных достижений и прорывов, отмечает политик.
Также Путин продемонстрировал, что он главный и единственный лидер левых и крайне левых (Грудинин имеет заграничные счета). И, главное, он готов обсудить тему национализации — идет лишь прощупывание почвы, но разговор уже начался, пишет Явлинсский.
Расплата за 1990-е, поднятие темы национализации и заигрывание с крайне левыми — в этом президент ищет возможности для роста своего рейтинга, считает политик. При все большем обнищании россиян и невозможности разрешения экономических трудностей в Кремле надеются с помощью этого сместить фокус настроений общества, полагает он.
Прямая линия зашла в тупик вместе со страной - Мартынов
В запасе есть еще тема милитаризации. Но в Кремле понимают, что война страшит россиян и что данный инструмент следует оставить на крайний случай — если с имиджем будет уж совсем плохо, полагает политик.
По мнению авторов телеграм-канала «Кремлевский мамковед», основное послевкусие после прямой линии — россияне перестали улыбаться Путину, стоят с угрюмыми лицами. Видно, что и сам он устал. Эксперты пишут: «Уставший больной человек выполняет скучную повинность перед надоевшим ему народом».
Упаковать хороший готовый медийный продукт в формат «вижу, слышу, реагирую — действую» устроители линии не смогли. Вся сегодняшняя постановка не увеличит уровень народной любви и доверия к президенту, полагают авторы канала.
]]></text>
</doc>
