<?xml version='1.0' encoding='UTF-8'?>
<doc>
  <title auto="true" type="str" verify="true"><![CDATA[В Краснодарском крае обсудили вопросы поддержки людей старшего поколения]]></title>
  <category auto="true" type="str" verify="true"><![CDATA[Экономика и бизнес/Работа и карьера]]></category>
  <source auto="true" type="str" verify="true"><![CDATA[https://www.infox.ru//news/250/economy/job/219405-v-krasnodarskom-krae-obsudili-voprosy-podderzki-ludej-starsego-pokolenia]]></source>
  <text auto="true" type="str" verify="true"><![CDATA[
Заседание трехсторонней комиссии по регулированию социально-трудовых отношений прошло под председательством вице-губернатора Анны Миньковой, в нем приняли участие руководители краевых ведомств и муниципалитетов.
Как отметила Анна Минькова, в регионе реализуется нацпроект «Демография», который направлен на поддержку представителей старшего поколения, и особенно граждан предпенсионного возраста. Их в Краснодарском крае около 375 тысяч.
«Это активные и трудоспособные люди. Им нужно где-то помочь переобучиться, получить новую квалификацию, специальность. Это задача номер один, и к ней должны быть подключены все работодатели, – подчеркнула Анна Минькова.
В рамках нацпроекта в крае началось обучение как работающих, так и неработающих граждан предпенсионного возраста. В 2019 году на это выделено 112 миллионов рублей из федеральной казны и 6 миллионов из краевого бюджета.
Более 500 человек уже начали обучение, а до первого августа на различные курсы будут направлены не менее 2,5 тысяч граждан. Они смогут обучиться управлению охраной труда, социальной работе, библиотечному делу, кадровому менеджменту, ведению бухгалтерского учета, административно-хозяйственной деятельности и организации логопедической работы.
]]></text>
</doc>
