<?xml version='1.0' encoding='UTF-8'?>
<doc>
  <title auto="true" type="str" verify="true"><![CDATA[Право отреставрировать старейший монастырь Тюмени получила компания «Дизайн 2000»]]></title>
  <category auto="true" type="str" verify="true"><![CDATA[Власть и Общество/Общество]]></category>
  <source auto="true" type="str" verify="true"><![CDATA[https://www.infox.ru//news/289/social/society/219230-pravo-otrestavrirovat-starejsij-monastyr-tumeni-polucila-kompania-dizajn-2000]]></source>
  <text auto="true" type="str" verify="true"><![CDATA[
Стала известна компания-подрядчик, которая займется реставрацией Свято-Троицкого монастыря в Тюмени – одного из старейших и ныне действующих в стране.
Так, право провести здесь реставрационно-восстановительные работы получила компания «Дизайн-2000». Информация о результатах конкурса, объявленного в середине мая, опубликована на сайте госзакупок.
Стоимость контракта составляет около 200 млн рублей, которые будут предоставлены из регионального бюджета. Специалистам компании предстоит отреставрировать и восстановить роспись стен на алтаре, в храме Троицкого собора, приделе святых Антония и Феодосия Киево-Печерских, Успенского придела, привести в порядок центральный иконостас, и удалить плесень. По условиям контракта на выполнение работ отводится 15 месяцев с момента подписания договора.
Сообщается, что компания «Дизайн-2000» оказалась единственным претендентом на выполнение этого достаточно сложного и кропотливого проекта, требующего особой квалификации. По информации СМИ, специалисты компании обладают хорошим опытом в реставрации исторических памятников. В частности, два года назад «Дизайн 200» уже работа в Троицком монастыре в Тюмени, проводя здесь работы по сохранению объекта. На счету компании с 2013 года немало реализованных госконтрактов, суммарная стоимость которых превысила 560 млн рублей.
]]></text>
</doc>
