<?xml version='1.0' encoding='UTF-8'?>
<doc>
  <title auto="true" type="str" verify="true"><![CDATA[Кубанский университет проводит уникальные исследования в области медицины]]></title>
  <category auto="true" type="str" verify="true"><![CDATA[Наука и технологии/Медицина]]></category>
  <source auto="true" type="str" verify="true"><![CDATA[https://www.infox.ru//news/289/science/medicine/219001-kubanskij-universitet-provodit-unikalnye-issledovania-v-oblasti-mediciny]]></source>
  <text auto="true" type="str" verify="true"><![CDATA[
Глава Краснодара Евгений Первышов побывал в Кубанском государственном медицинском университете в преддверии Дня медицинского работника.
Он поздравил сотрудников вуза, они, в свою очередь, провели ему экскурсию в стенах госучреждения. Мэру показали научно-исследовательскую лабораторию и операционную.
Как сообщил градоначальнику ректор университета Сергей Алексеенко, в вузе проходят уникальные исследования в области медицины. Гордостью преподавателей и студентов является лаборатория регенеративной медицины. Здесь изучают технологии восстановления поврежденных органов и тканей, проводят опыты по выращиванию тканей - нервных волокон и кожи - для имплантации.
Помимо этого, в лабораториях вуза совместно со специалистами кубанских медучреждений проводились испытания технологии пересадки трахеи. Этот способ уже внедрили в медицинскую практику. Евгений Первышов пожелал сотрудникам вуза развиваться и дальше.
]]></text>
</doc>
