<?xml version='1.0' encoding='UTF-8'?>
<doc>
  <title auto="true" type="str" verify="true"><![CDATA[Самый высокий водопад открылся в горах Сочи]]></title>
  <category auto="true" type="str" verify="true"><![CDATA[Экономика и бизнес/Туризм]]></category>
  <source auto="true" type="str" verify="true"><![CDATA[https://www.infox.ru//news/289/economy/tourism/219197-samyj-vysokij-vodopad-otkrylsa-v-gorah-soci]]></source>
  <text auto="true" type="str" verify="true"><![CDATA[
Водопад высотой 77 метров открылся в природном Парке водопадов «Менделиха». Он носит название «Золотой» и располагается на горном курорте «Роза Хутор».
Если быть точнее, то посетители смогут отыскать самый высокий водопад в горах Сочи на южном хребте Аибга. Он берет начало на нижней станции канатной дороги «Эдельвейс», что расположена на высоте 1470 метров над уровнем моря. Посмотреть на чудо природы можно на специальных тропах, ведущих к основанию водопадов. Там же оборудованы смотровые площадки, оборудованные перилами и специальными местами для создания красочных фотографий.
Отметим, что всего здесь находится семь водопадов. Помимо «Золотого», гости курорта смогут полюбоваться водопадами «Менделя», «Мишкин грот», «Чара», «Айя», «Червонный» и «Снежное русло». Как сообщает пресс-служба курорта «Роза Хутор», протяженность маршрута составляет 4 километра. Чтобы пройти его, понадобится 4,5 часа.
]]></text>
</doc>
