<?xml version='1.0' encoding='UTF-8'?>
<doc>
  <title auto="true" type="str" verify="true"><![CDATA[Пляжи Новороссийска оборудовали камерами видеонаблюдения]]></title>
  <category auto="true" type="str" verify="true"><![CDATA[Власть и Общество/Общество]]></category>
  <source auto="true" type="str" verify="true"><![CDATA[https://www.infox.ru//news/289/social/society/219174-plazi-novorossijska-oborudovali-kamerami-videonabludenia]]></source>
  <text auto="true" type="str" verify="true"><![CDATA[
Теперь жители и гости Новороссийска могут быть спокойнее, проводя время на берегу моря. В курортном городе почти на всех пляжах появились камеры наружного видеонаблюдения.
Об этом стало известно во время аппаратного совещания в администрации Новороссийска, которое прошло в понедельник, 17 июня.
Сообщается, что система видеонаблюдения была запущена на всех пляжах курорта, кроме места отдыха в Широкой Балке. Однако видеокамеры в скором времени должны появиться и там. По словам заместителя главы Новороссийска Александра Яменскова, устройства появятся там уже к следующему понедельнику, 24 июня.
Напомним, что мэр поручил оборудовать местные пляжи камерами видеонаблюдения ещё в прошлом году. Необходимость этих мер объясняется желанием властей держать на контроле происходящее в зонах отдыха и избежать возможных происшествий.
]]></text>
</doc>
