<?xml version='1.0' encoding='UTF-8'?>
<doc>
  <title auto="true" type="str" verify="true"><![CDATA[В тульских парках работают скрытые полицейские патрули]]></title>
  <category auto="true" type="str" verify="true"><![CDATA[Власть и Общество/Общество]]></category>
  <source auto="true" type="str" verify="true"><![CDATA[https://www.infox.ru//news/283/social/society/219105-v-tulskih-parkah-rabotaut-skrytye-policejskie-patruli]]></source>
  <text auto="true" type="str" verify="true"><![CDATA[
В летний период в Центральном и Комсомольском парках, а также на Казанской набережной проводит время много народу. 
Случается, что некоторые отдыхающие нарушают предписания закона — выпивают, курят в общественном месте. Для обнаружения и пресечения подобных действий в местах, где отдыхает много народу полиция ведет скрытое патрулирование.
Эту работу выполняют добровольцы — обычно это члены народных дружин. Во время работы они находятся в местах общественного отдыха без отличительных знаков.
Обнаружив правонарушителя, общественники говорят об этом находящимся недалеко полицейским, которые принимают необходимые меры.
]]></text>
</doc>
