<?xml version='1.0' encoding='UTF-8'?>
<doc>
  <title auto="true" type="str" verify="true"><![CDATA[В новомосковском МУП "Сервис" работает полиция]]></title>
  <category auto="true" type="str" verify="true"><![CDATA[Власть и Общество/Общество]]></category>
  <source auto="true" type="str" verify="true"><![CDATA[https://www.infox.ru//news/283/social/society/218941-v-novomoskovskom-mup-servis-rabotaet-policia]]></source>
  <text auto="true" type="str" verify="true"><![CDATA[
Действия сотрудников правоохранителей связаны с тем, что они, возможно, связаны с руководством коммерческих структур.
Сообщается, в МУП «Сервис» Новомосковска проходят оперативные действия — там действуют правоохранители.
По данным источника в городской администрации, в Новомосковске продолжают наводить порядок в муниципальных унитарных предприятиях по линии противодействия коррупции.
Действия сотрудников правоохранительных органов в «Сервисе» связаны, возможно, с тем, что они имеют отношение к руководству некоторых коммерческих структур.
]]></text>
</doc>
