<?xml version='1.0' encoding='UTF-8'?>
<doc>
  <title auto="true" type="str" verify="true"><![CDATA[Одну из центральных тюменских трасс реконструируют за 1,9 млрд рублей]]></title>
  <category auto="true" type="str" verify="true"><![CDATA[Власть и Общество/Общество]]></category>
  <source auto="true" type="str" verify="true"><![CDATA[https://www.infox.ru//news/289/social/society/219452-odnu-iz-centralnyh-tumenskih-trass-rekonstruiruut-za-19-mlrd-rublej]]></source>
  <text auto="true" type="str" verify="true"><![CDATA[
Тюменские власти выделят до 1,87 млрд рублей на ремонт одной из крупных магистралей региона Советский – Ловинское.
Аукцион на реконструкцию автодороги, связывающей Тюмень и Ханты-Мансийский автономный округ, объявило региональное управление автомобильных дорог. Документация размещена на сайте госзакупок.
Начальная стоимость контракта составляет более 1,8 млрд рублей. Как следует из материалов торгов, заявки на аукцион принимаются до 10 июля, конкурсные торги состоятся 19 июля.
Согласно конкурсной документации, подрядчику необходимо до 30 ноября 2020 года провести реконструкцию участка автодороги протяженностью 27,9 км. Кроме прочего, проект предусматривает строительство трех мостов через реки Шоушма, Конда и Картопья.
]]></text>
</doc>
