<?xml version='1.0' encoding='UTF-8'?>
<doc>
  <title auto="true" type="str" verify="true"><![CDATA[Набережную Оби в Новосибирске продлят и украсят маяком]]></title>
  <category auto="true" type="str" verify="true"><![CDATA[Власть и Общество/Общество]]></category>
  <source auto="true" type="str" verify="true"><![CDATA[https://www.infox.ru//news/283/social/society/219196-nabereznuu-obi-v-novosibirske-prodlat-i-ukrasat-maakom]]></source>
  <text auto="true" type="str" verify="true"><![CDATA[
Власти Новосибирска разрешили продолжить набережную на правом берегу Оби — этим займётся компания «Гранит».
Разрешение на строительство подписано 13 июня и обнародовано на муниципальном портале. В нём есть информация, что новая набережная появится в районе стройки на улице Добролюбова, 2/1.
Длина набережной составит 177 м, максимальная высота — 7 м, подпорную конструкцию по проекту должны сделать из системы «Террамеш» — ячеек из проволочной сетки, которые заполняют камнями.
В январе 2014 года мэрия уже давала разрешение на возведение на этом участке набережной, но на муниципальном портале информации об этом документе нет.
В разрешении на строительство не указано возможное благоустройство участка. Но, согласно эскизам застройщика, на территории должна появиться прогулочная зона со скамейками и маяком.
]]></text>
</doc>
