<?xml version='1.0' encoding='UTF-8'?>
<doc>
  <title auto="true" type="str" verify="true"><![CDATA[Туляк подхватил лихорадку денге на отдыхе в Азии]]></title>
  <category auto="true" type="str" verify="true"><![CDATA[LIfeStyle/Здоровье]]></category>
  <source auto="true" type="str" verify="true"><![CDATA[https://www.infox.ru//news/282/lifestyle/health/218911-tulak-podhvatil-lihoradku-denge-na-otdyhe-v-azii]]></source>
  <text auto="true" type="str" verify="true"><![CDATA[
Заразившийся вернулся в Россию на стадии выздоровления от опасного заболевания, сообщили в Роспотребнадзоре.
Житель Тулы заразился лихорадкой на отдыхе в Таиланде. По возвращении он не представлял опасности для окружающих, поскольку выздоравливал. Этот случай стал первым зафиксированным заражением денге в регионе, передает «Первый Тульский».
Больницы Тульской области провели все противоэпидемические и профилактические мероприятия согласно постановлению главного санитарного врача по региону.
Инфекция от больного человека передается комарами Aedes. Ее источниками являются зараженные люди, обезьяны и летучие мыши. Лихорадка сопровождается высокой температурой, головными болями, болями в мышцах и суставах, сыпью, интоксикацией. Специального препарата для лечение болезни нет.
По данным Роспотребнадзора, заболевание в последние годы широко распространилось в странах Юго-Восточной Азии, Африки, Центральной и Южной Америки. Наиболее часто оно возникает в странах с тропическим и субтропическим климатом: Таиланде, КНР, Индонезии, Малайзии, Сингапуре, Японии, Вьетнаме, Индии, Египте, Судане, Бразилии, Мексики, Коста-Рики и других.
]]></text>
</doc>
