<?xml version='1.0' encoding='UTF-8'?>
<doc>
  <title auto="true" type="str" verify="true"><![CDATA[Форвард «Динамо» Луценко сменил Москву на Тулу]]></title>
  <category auto="true" type="str" verify="true"><![CDATA[LIfeStyle/Спорт]]></category>
  <source auto="true" type="str" verify="true"><![CDATA[https://www.infox.ru//news/29/lifestyle/sport/219059-forvard-dinamo-lucenko-smenil-moskvu-na-tulu]]></source>
  <text auto="true" type="str" verify="true"><![CDATA[
Новичком тульского «Арсенала» стал нападающий Евгений Луценко, еще недавно игравший в столичном «Динамо».
Луценко покинул бело-голубых по итогам сезона-2018/19 и уже подписал контракт с туляками. Соглашение с 32-летним форвардом рассчитано на два года.
За «Динамо» в сезоне-2018/19 игрок атаки провел 31 матч во всех турнирах, в которых отметился четырьмя голами.
Тем временем главный тренер «канониров» Игорь Черевченко отметил, что Луценко будет не единственным приобретением. На сборах в Туле команду могут пополнить несколько новых футболистов, уточнил он.
При этом сбор в родном городе пройдут не все игроки, добавил Черевченко. Это связано с тем, что некоторые футболисты были призваны под знамена своих сборных. Эти игроки присоединятся к «Арсеналу» уже в Австрии.
В недавно завершившемся сезоне «канониры» заняли шестое место в чемпионате России, за счет чего пробились в квалификацию Лиги Европы.
]]></text>
</doc>
