<?xml version='1.0' encoding='UTF-8'?>
<doc>
  <title auto="true" type="str" verify="true"><![CDATA[Цементовоз устроил затор в Туле]]></title>
  <category auto="true" type="str" verify="true"><![CDATA[Власть и Общество/Общество]]></category>
  <source auto="true" type="str" verify="true"><![CDATA[https://www.infox.ru//news/282/social/society/218914-cementovoz-ustroil-zator-v-tule]]></source>
  <text auto="true" type="str" verify="true"><![CDATA[
Упавший тополь парализовал движение транспорта по улице Болдина.
К настоящему моменту движение автомобилей восстановили. В ближайшее время возобновят работу и трамваи, передает Myslo.
Дороги в Туле строят с опережением графиков
По данным издания, сотрудники спасательных служб распили большое дерево, а коммунальщики очистили проезжую часть. Работники смогли приступить к уборке только после того, как ликвидацию аварии завершили сотрудники «Тулгорэлектротранса» и «Тулагорсвета».
Старый тополь упал на дорогу в районе дома № 149. Он полностью перекрыл проезжую часть, а также зацепил электрические провода и контактную сеть трамваев. Оборвавшийся провод упал на проезжавшую мимо иномарку. Он был обесточен, поэтому пострадавших и погибших удалось избежать.
По данным «Первого Тульского», дерево рухнуло из-за цементовоза, который зацепил его при проезде. В результате ЧП никто не пострадал.
]]></text>
</doc>
