<?xml version='1.0' encoding='UTF-8'?>
<doc>
  <title auto="true" type="str" verify="true"><![CDATA[Жители Дагестана отличились в знании истории ВОВ]]></title>
  <category auto="true" type="str" verify="true"><![CDATA[Власть и Общество/Общество]]></category>
  <source auto="true" type="str" verify="true"><![CDATA[https://www.infox.ru//news/251/social/society/218830-ziteli-dagestana-otlicilis-v-znanii-istorii-vov]]></source>
  <text auto="true" type="str" verify="true"><![CDATA[
Подведены итоги теста на знание истории Великой Отечественной войны, который проводился в России и за рубежом в апреле, накануне празднования Дня Победы.
Проведение ежегодного теста организовал Молодёжный парламент при Государственной думе. Тестирование состоялось 26 апреля. О результатах «Парламентской газете» председатель парламента Мария Воропаева.
В целом по России средний балл испытуемых составил 15,72 баллов из 30 возможных. В числе самых эрудированных на заданную тему регионов оказался Дагестан. Затем идут Башкортостан и Кабардино-Балкарския. В пятерку лидеров вошли Челябинская область и Санкт-Петербург.
Менее всего осведомлены о событиях Второй мировой войны жители Омской и Архангельской областей. Также не блеснули познаниями жители Ненецкого автономного округа.
В прошлом году в тестировании приняли участие чуть более полумиллиона человек (в том числе иностранцы). В 2019 году популярность мероприятия возросла. Только в России тест сдали 805,5 тысяч человек.
В Госдуме тестирование прошли многие депутаты. В Малом зале заседаний в этом году знания проверили лидер ЛДПР Владимир Жириновский, зампред Комитета по образованию и науке Борис Чернышов и многие другие. Не отказались от тестирования и губернаторы, депутаты заксобраний, министры.
По словам Воропаевой, самыми активными участниками тестирования стали молодые люди в возрасте около 20 лет.
За рубежом активнее всего сдавали «экзамен» соотечественники в Германии (почти две тысячи человек). В Монголии - 1354 человек, в Китае - 1392 человек.
Не меньший интерес проявили жители Белоруссии, Казахстана, Украины. Всего в тест сдали жители из 43 стран.
Организаторы тестирования отмечают, что видят своей задачей привлечение внимания общественности к истории ВОВ, а также к проблемам реабилитации фашизма в отдельных странах.
]]></text>
</doc>
