<?xml version='1.0' encoding='UTF-8'?>
<doc>
  <title auto="true" type="str" verify="true"><![CDATA[Туляки проголосуют за новый облик проспекта Ленина]]></title>
  <category auto="true" type="str" verify="true"><![CDATA[Власть и Общество/Общество]]></category>
  <source auto="true" type="str" verify="true"><![CDATA[https://www.infox.ru//news/29/social/society/219246-tulaki-progolosuut-za-novyj-oblik-prospekta-lenina]]></source>
  <text auto="true" type="str" verify="true"><![CDATA[
Жители Тулы в ходе голосования определят, какой из вариантов предстоящего благоустройства будет применен к участку проспекту Ленина от улицы Первомайской до улицы Жаворонкова.
Сейчас существуют два варианта. Один из них разработала ведущий специалист проектного бюро «Проспект» Анастасия Егорова. По ее проекту, основной зоной благоустройства станет территория близ детской библиотеки. Там будет создана зона отдыха для детей и взрослых. Кроме того, в проекте прописано обустройство веранд близ зон общественного питания. Дорожки для пешеходов и велосипедистов будут размечены контрастными цветами, а остановки общественного транспорта будут заменены.
За право благоустроить участок проспекта Ленина с Егоровой соперничает дизайнер Тамара Романенкова. Она предложила включить в общественное пространство спортивные площадки (например, для тенниса). Также ее проект предусматривает несколько уровней светодиодного освещения, систему видеонаблюдения, велопарковку и зону фудкорта, пишут «Тульские Известия».
Первый замглавы горадминистрации Владислав Галкин при обсуждении проектов обратил внимание, что все новые объекты должны быть антивандальными, а на территории должно хватать мусорных урн.
В общественном обсуждении проектов также участвовали депутаты городской и областной дум, представители ОНФ и областной Общественной палаты.
По словам Галкина, обе концепции благоустройства участка проспекта будут размещены на сайте горадминистрации, и у туляков будет возможность также внести вносить свои предложения.
]]></text>
</doc>
