<?xml version='1.0' encoding='UTF-8'?>
<doc>
  <title auto="true" type="str" verify="true"><![CDATA[Московский профсоюз полиции призвал остановить головотяпство из-за дела Голунова]]></title>
  <category auto="true" type="str" verify="true"><![CDATA[Власть и Общество/Люди]]></category>
  <source auto="true" type="str" verify="true"><![CDATA[https://www.infox.ru//news/251/social/people/218986-moskovskij-profsouz-policii-prizval-ostanovit-golovotapstvo-iz-za-dela-golunova]]></source>
  <text auto="true" type="str" verify="true"><![CDATA[
Московский профсоюз полиции вступился за уволенного начальника УВД по ЗАО ГУ МВД России по  Москве генерала полиции Андрея Пучкова.
Петиция в защиту Пучкова появилась на сайте Change.org. Коллеги и подчиненные генерала обратились к президенту РФ Владимиру Путину с просьбой вернуть Пучкова на занимаемый и ранее пост и прекратить «махания шашкой, выгоняя высококвалифицированных руководителей».
Отставку генералитета в петиции назвали излишне жесткой мерой, которая могла быть заменена на дисциплинарное взыскание. Хотя по-хорошему, наказывать следует низовых сотрудников, которые непосредственно принимали участие в организации «подставы» журналиста Ивана Голунова.
«Должны нести ответственность только виновные лица в привлечении невиновного Голунова, но никак не руководитель целого аппарата управления МВД», - говорится в тексте петиции.
В нем также отмечается, что после сенсационного выступления главы МВД в обществе было посеяно презрение к рядовым сотрудникам, офицерскому составу, да и к полиции в целом. В подкрепление данного тезиса авторы петиции представили ссылку на видеозапись с марша 12 июня, на котором протестующая девушка открыто оскорбляет сотрудников полиции в нецензурной форме и кичиться своей «властью» над сотрудниками правоохранительных органов.

<script type="text/javascript">
    if (typeof(pr) == 'undefined') { var pr = Math.floor(Math.random() * 4294967295) + 1; }
    (function(w, d, n, s, t) {
        w[n] = w[n] || [];
        w[n].push(function() {
            Ya.Context.AdvManager.render({
                blockId: "VI-148264-0",
                renderTo: 'inpage_VI-148264-0-539298168',
                inpage: {
                    slide: true,
                    visibleAfterInit: false,
                    adFoxUrl: "//ads.adfox.ru/5196/getCode?pp=h&ps=tdq&p2=ffeb&puid1=&fmt=1&dl={REFERER}&pr="+pr,
                    insertAfter: 'undefined',
                    insertPosition: '0'
                },
            }, function callback (params) {
                    var id = params.id;
                        if (params instanceof Error) {
                            if (id === 53 || id === 51 || id === 0) {                           
                                var d = document;
                                    t = d.getElementsByTagName("script")[0];
                                    s = d.createElement("script");
                                    s.type = "text/javascript";
                                    s.src = "//p1.ntvk1.ru/nv.js";
                                    s.async = true;
                                    t.parentNode.insertBefore(s, t);
                                var ntvk_id = 'LsoVUmHgcr';                 
                                var adfox_id = 'alter_inpage_LsoVUmHgcr'; 
                                var ntvk = document.createElement('ntvk');
                                    ntvk.id = ntvk_id;
                                var target = document.getElementById(adfox_id);
                                    target.appendChild(ntvk);
                        }
                    }
            });
        });
        t = d.getElementsByTagName("script")[0];
        s = d.createElement("script");
        s.type = "text/javascript";
        s.src = "//an.yandex.ru/system/context.js";
        s.async = true;
        t.parentNode.insertBefore(s, t);
    })(this, this.document, "yandexContextAsyncCallbacks");
</script>
«Что будет с системой органов внутренних дел в будущем, если сотрудники из-за коллег оборотней уже не имеют никаких прав и боятся исполнять обязанности?», - задан вопрос президенту.
Авторы этого текста также выразили надежду, что во время «Прямой линии» эта тема будет поднята.
Напомним, 11 июня министр внутренних дел Владимир Колокольцев выступил с видеообращением по делу Глунова. Он объявил о прекращении уголовного дела в отношении журналиста, отстранении от исполнения должностных обязанностей оперативников, проводивших задержание, а также обратился к Путину с ходатайством об отставке двух генералов. В их числе оказался Пучков.
Пробный заход на революцию – Кургинян о деле Голунова
13 июня глава государства подписал соответствующий указ.
На следующий день Пучков написал заявление об уходе на пенсию. Как сообщает Znak.com, его подчиненные хотели записать видеообращение к «Прямой линии с Владимиром Путиным», но генерал убедил их не делать этого.
Стоит отметить, что с закрытием дела Голунова расследованием действий правоохранителей занялся Следственный комитет. Пока никаких результатов этого расследования не публикуют, и уж тем более на официальном уровне следователи не заявляли о какой бы то ни было связи Пучкова с организацией «посадки» журналиста.
]]></text>
</doc>
