<?xml version='1.0' encoding='UTF-8'?>
<doc>
  <title auto="true" type="str" verify="true"><![CDATA[В уральской столице в августе начнут возводить ледовую арену]]></title>
  <category auto="true" type="str" verify="true"><![CDATA[LIfeStyle/Спорт]]></category>
  <source auto="true" type="str" verify="true"><![CDATA[https://www.infox.ru//news/289/lifestyle/sport/219453-v-uralskoj-stolice-v-avguste-nacnut-vozvodit-ledovuu-arenu]]></source>
  <text auto="true" type="str" verify="true"><![CDATA[
Строительство ледовой арены УГМК в Екатеринбурге должно начаться в августе этого года.
Как сообщил руководитель компании «Ледовая арена» Данил Крицкий, к настоящему моменту разработана проектная документация, сейчас она проходит государственную экспертизу. Как только будут получены разрешительные документы, начнется строительство. Предположительно это произойдет в августе.
Накануне рядом с площадкой появились информационные щиты, где сказано, что возведение ледовой арены начнется во втором квартале 2019 года, а завершится в 2022 году.
Ледовую арену возведут на месте снесенной в марте 2018 года телебашни.
]]></text>
</doc>
