<?xml version='1.0' encoding='UTF-8'?>
<doc>
  <title auto="true" type="str" verify="true"><![CDATA[В уральской столице весной 2020 года планируют строить новый мост]]></title>
  <category auto="true" type="str" verify="true"><![CDATA[Экономика и бизнес/Недвижимость]]></category>
  <source auto="true" type="str" verify="true"><![CDATA[https://www.infox.ru//news/289/economy/realty/219272-v-uralskoj-stolice-vesnoj-2020-goda-planiruut-stroit-novyj-most]]></source>
  <text auto="true" type="str" verify="true"><![CDATA[
Компания «Атомстройкомплекс» планирует строить в Екатеринбурге новый мост через реку Исеть, который свяжет удаленные районы города и сделает транспортно-инфраструктурную систему этой части города значительно более удобной.
О масштабных планах представители компании сообщили, рассказывая о другом крупном проекте – жилом комплексе «Просторы в районе Уктуса, реализации которого идет активными темпами.
Новый мост через Исеть соединит новый жилой комплекс с противоположным берегом в районе аквапарка «Лимпопо», что, безусловно, будет очень удобно для тысяч горожан, которые уже приобрели или приобретут жилье в ЖК «Просторы». Мост, которым жителям приходится пользоваться сейчас, находится достаточно далеко от жилого комплекса.
Представители «Атомстройкомплекс» обнародовали некоторые детали проекта. Так, мост будет иметь протяженность 50 метров, улица Водоемная – около 300 метров на первом этапе строительства, и более 800 – на втором и третьем. Здесь появится двухсторонняя автомобильная дорога шириной в две полосы, и велосипедная дорожка шириной в три метра, движение по которой также будет двухсторонним.
Инвестиции в возведение моста и первый этап улицы Водоемной составят более 265 млн рублей. При этом представители компании «Атомстройкомплекс» заявили о готовности начать реализацию масштабного и важного проекта, финансируя его за счет собственных средств – в том случае, если мэрия, выступающая заказчиков, гарантирует их компенсацию.
Проект уже прошел предварительные согласования с профильными ведомствами, в том числе с Управлением капитального строительства Екатеринбурга, эту работу планируют завершить до середины июля. В том случае, если все документальные, согласующие и разрешительные процедуры по проекту пройдут вовремя и без задержек, то строительство моста может начаться уже весной 2020 года.
]]></text>
</doc>
