<?xml version='1.0' encoding='UTF-8'?>
<doc>
  <title auto="true" type="str" verify="true"><![CDATA[Снова стать национальным лидером: о прямой линии президента]]></title>
  <category auto="true" type="str" verify="true"><![CDATA[Власть и Общество/Политика]]></category>
  <source auto="true" type="str" verify="true"><![CDATA[https://www.infox.ru//news/283/social/rupolitics/219437-snova-stat-nacionalnym-liderom-o-pramoj-linii-prezidenta]]></source>
  <text auto="true" type="str" verify="true"><![CDATA[
20 июня состоялась 17-я прямая линия с президентом РФ.
О том, что президент в последние годы отдалился от внутренней политики, писали не раз. В ходе последних прямых линий было видно, что он устал от социальных вопросов, не готов сочувствовать тем, кто переживает трудности либо негодует, отмечает политолог Татьяна Становая. В 2018 году глава государства, говоря о пенсионной реформе, выглядел бухгалтером, не оставившим выбора гражданам.
В этом году над имиджем работали, обсуждали социальные вопросы (о бедности и снижении доходов, ничтожных пособиях детям и прочем подобнном говорили подробно), уделялось больше вниания тем, кто высказывает жалобы. Президент, кажется, старался возвратить роль «национального лидера», усилив привычную терапевтическую часть мероприятия, которая заметно уменьшилась за последние несколько лет, пишет политолог.
Но политическое лидерство — это готовность не только отвечать за различные нарушения, но и быть автором проводимого курса. Прямая линия-2019 показала, что в ряде вопросов управленческой рутины президент более не желает разрабатывать решения, предпочитает передавать и эту функцию, и ответственность за итоги, пишет Становая.
По темам, которые не входят в его личную повестку, президент предстает посредником между властью и гражданами, отмечает политолог. По ее словам, это странно, когда главный человек системы отделяет себя от власти — от губернаторов и ведомств.

<script type="text/javascript">
    if (typeof(pr) == 'undefined') { var pr = Math.floor(Math.random() * 4294967295) + 1; }
    (function(w, d, n, s, t) {
        w[n] = w[n] || [];
        w[n].push(function() {
            Ya.Context.AdvManager.render({
                blockId: "VI-148264-0",
                renderTo: 'inpage_VI-148264-0-539298168',
                inpage: {
                    slide: true,
                    visibleAfterInit: false,
                    adFoxUrl: "//ads.adfox.ru/5196/getCode?pp=h&ps=tdq&p2=ffeb&puid1=&fmt=1&dl={REFERER}&pr="+pr,
                    insertAfter: 'undefined',
                    insertPosition: '0'
                },
            }, function callback (params) {
                    var id = params.id;
                        if (params instanceof Error) {
                            if (id === 53 || id === 51 || id === 0) {                           
                                var d = document;
                                    t = d.getElementsByTagName("script")[0];
                                    s = d.createElement("script");
                                    s.type = "text/javascript";
                                    s.src = "//p1.ntvk1.ru/nv.js";
                                    s.async = true;
                                    t.parentNode.insertBefore(s, t);
                                var ntvk_id = 'LsoVUmHgcr';                 
                                var adfox_id = 'alter_inpage_LsoVUmHgcr'; 
                                var ntvk = document.createElement('ntvk');
                                    ntvk.id = ntvk_id;
                                var target = document.getElementById(adfox_id);
                                    target.appendChild(ntvk);
                        }
                    }
            });
        });
        t = d.getElementsByTagName("script")[0];
        s = d.createElement("script");
        s.type = "text/javascript";
        s.src = "//an.yandex.ru/system/context.js";
        s.async = true;
        t.parentNode.insertBefore(s, t);
    })(this, this.document, "yandexContextAsyncCallbacks");
</script>
Нужно построить мост через реку Лену — этим должны заниматься власти Якутии. Проблемы с мусором — этот вопрос должны решать регионы. Не привозят льготные медикаменты — нужно звонить главе минздрава: средства центр уже выделил, а сбои — на региональном уровне, говорит президент.
В вопросах такого плана президент не имел своего мнения и отвечал, выбирая из двух вариантов: или переводил ответственность на низшие уровни, или поручал решение вопроса соответствующим ведомствам. По мнению политолога, это действия уже не политического лидера, а посредника, который наделяет обращение политическим весом и передает от граждан в соответствующие ведомства.
Основная мысль прямой линии: власть все делает верно. Средства выделяются, доходы стабилизируются, нацпроекты работают на улучшение жизни. По мнению политолога, рост требований к властям, рост недовольства президент понимает лишь как эмоции, основанные не на настоящих проблемах, а на непонимании россиянами действительной картины.
Поэтому значимого пересмотра социально-экономического курса ожидать не приходится. Вместо этого президент и общество будут лишь подозревать друг друга в непонимании реальности.
В отличие от социальных вопросов в политической повестке президент однозначно выступил защитником системы. Здесь видно, что он лично занимался этими вопросами, отмечает политолог.
Прямая линия зашла в тупик вместе со страной - Мартынов
Так, он заступился за «ЕР», которую человек из зала назвал «бандой патриотов» — партия остается основным политическим институтом, здесь Путин не хочет ничего изменять. Он также объяснил обоснованность сохранения зарплат в госкомпаниях на высоком уровне.
Что касается темы внешней политике, то здесь важен один неслучайный вопрос — цена уступок Западу. Известно, что и в обществе, и в элите РФ говорят о том, что Россия должна смягчить риторику и пойти на некоторые уступки для снятия части санкций.
На это Путин заявил, что уступки не уменьшат давление на РФ. По мнению президента, такой размен невозможен. Он не доверяет Западу и считает ухудшение отношений с ним последствием планомерной политики США на ослабление РФ, где Крым и Донбасс выступили только предлогом для оказания давления. Поэтому акт социальной терапии окончен и президент снова возвращается «на фронт», отмечает политолог.
]]></text>
</doc>
