<?xml version='1.0' encoding='UTF-8'?>
<doc>
  <title auto="true" type="str" verify="true"><![CDATA[Международный IT-форум открылся в Югре]]></title>
  <category auto="true" type="str" verify="true"><![CDATA[Наука и технологии/Технологии]]></category>
  <source auto="true" type="str" verify="true"><![CDATA[https://www.infox.ru//news/289/science/technology/218789-mezdunarodnyj-it-forum-otkrylsa-v-ugre]]></source>
  <text auto="true" type="str" verify="true"><![CDATA[
10 июня в Ханты-Мансийске открылся одиннадцатый международный IT-форум, в котором принимают участие представители БРИКС и ШОС. Программа мероприятия рассчитана и на 11 июня.
Ожидается, что во время форума эксперты будут обсуждать вопросы цифровой экономики и безопасности в Интернете. Помимо этого, гости мероприятия смогут посетить выставку «Цифровые технологии для всех». Также они познакомятся с наработками зарубежных, российских, в частности югорских, компаний в сфере цифровых технологий.
В рамках форума разработками в IT-сфере поделятся порядка 90 участников. Среди них – компании из Индии, Югры, Санкт-Петербурга, Тюмени, Москвы, Екатеринбурга и других городов России. Выставка будет интересна не только взрослым людям, но и детям, обещают организаторы. Здесь занятие для смогут найти люди разных возрастов.
]]></text>
</doc>
