<?xml version='1.0' encoding='UTF-8'?>
<doc>
  <title auto="true" type="str" verify="true"><![CDATA[Синоптики обещают заморозки и снег на среднем Урале]]></title>
  <category auto="true" type="str" verify="true"><![CDATA[Наука и технологии/Вселенная]]></category>
  <source auto="true" type="str" verify="true"><![CDATA[https://www.infox.ru//news/289/science/universe/218879-sinoptiki-obesaut-zamorozki-i-sneg-na-srednem-urale]]></source>
  <text auto="true" type="str" verify="true"><![CDATA[
В Свердловской области после нескольких летних жарких дней наступит резкое похолодание с заморозками и мокрым снегом.
Как сообщает Уральский гидрометцентр, в Екатеринбурге и других районах днем 13 июня температура упадет до + 8-13 градусов, а к ночи снизиться до нуля градусов. Похолодание усилится в пятницу, 14 июня – так, ночью ожидаются заморозки до – 2 градусов, местами осадки, в том числе мокрый снег. Непогода будет сопровождаться шквалистым ветром, сила которого будет достигать 18 м/с.
В Нижнем Тагиле синоптики обещают снижение температуры к пятнице, 14 июня, до + 9 градусов, и ночью – до +4 градусов.
В выходные, 15 и 16 июня, ожидается незначительно потепление – так, дневная температура будет держаться на уровне + 12-14 градусов, ночью + 6-8 градусов. Погода будет облачной и ветренной, возможны небольшие дожди.
]]></text>
</doc>
