<?xml version='1.0' encoding='UTF-8'?>
<doc>
  <title auto="true" type="str" verify="true"><![CDATA[Краснодарцев зовут на выставку «Башни 100-летий»]]></title>
  <category auto="true" type="str" verify="true"><![CDATA[Культура/Искусство]]></category>
  <source auto="true" type="str" verify="true"><![CDATA[https://www.infox.ru//news/289/culture/art/219340-krasnodarcev-zovut-na-vystavku-basni-100-letij]]></source>
  <text auto="true" type="str" verify="true"><![CDATA[
С 20 июня по 7 июля в художественном музее имени Коваленко на улице Красной, 15 будет работать выставка «Башня 100-летий».
Она пройдет в рамках проекта «Лабиринт», который посвящён масштабной идее популяризации инноваций в сфере некоммерческого дизайна и визуальных искусств.
Также проект является отражением таких важных дат, как 130-летие Эйфелевой башни, 100-летие знаменитой школы Баухауз, с которой начался революционный и современный дизайн в Европе, и 100-летие Башни III Интернационала Владимира Татлина. Отметим, что ЮНЕСКО признал это сооружение главным архитектурным объектом XX века. Выставка также будет посвящена 115-летию со дня основания художественного музея имени Ф.А. Коваленко.
Известные кубанские художники покажут произведения, в которых особую роль играют предельные визуальные константы – «плоскость – пустота – форма».
]]></text>
</doc>
