<?xml version='1.0' encoding='UTF-8'?>
<doc>
  <title auto="true" type="str" verify="true"><![CDATA[Большинство туляков не прошли тест на финансовую грамотность]]></title>
  <category auto="true" type="str" verify="true"><![CDATA[Экономика и бизнес/Финансы]]></category>
  <source auto="true" type="str" verify="true"><![CDATA[https://www.infox.ru//news/283/economy/finance/219200-bolsinstvo-tulakov-ne-prosli-test-na-finansovuu-gramotnost]]></source>
  <text auto="true" type="str" verify="true"><![CDATA[
Такой вывод сделали сотрудники регионального отделения Банка России.
Окончился Всероссийский онлайн-зачет по финансовой грамотности. В нем участвовали 3589 туляков. С хорошим результатом зачет сдали 396 человек.
Для того, чтобы получить положительную оценку следовало дать правильные ответы на 23 и более вопросов из 30 предложенных, сообщили в банке. Задания были представлены в трех уровнях: начальном, базовом и продвинутом.
Наибольшие сложности вызвали задания по валютному контролю, а наиболее легкими были вопросы по налогообложению, банковским операциям и мошенническим действиям в финансовой сфере.
Хорошо сдавшим зачет выдали сертификаты. Всего в РФ данный тест проходили 220 тысяч человек. Нужное число правильных ответов дали 40 тысяч человек.
]]></text>
</doc>
