<?xml version='1.0' encoding='UTF-8'?>
<doc>
  <title auto="true" type="str" verify="true"><![CDATA[На Ближнем Востоке запахло войной. США обвинили Иран в атаке на танкеры в Оманском заливе]]></title>
  <category auto="true" type="str" verify="true"><![CDATA[В мире/События]]></category>
  <source auto="true" type="str" verify="true"><![CDATA[https://www.infox.ru//news/251/world/incidents/218940-na-bliznem-vostoke-zapahlo-vojnoj-ssa-obvinili-iran-v-atake-na-tankery-v-omanskom-zalive]]></source>
  <text auto="true" type="str" verify="true"><![CDATA[
Госсекретарь США Майкл Помпео выступил перед журналистами в Госдепартаменте, обвинив Иран в атаке на танкеры в Оманском заливе.
«По оценке правительства США, Исламская Республика Иран несет ответственность за нападения, которые произошли сегодня в Оманском заливе», - сказал он. По словам Помпео, такое заключение сделано на основании данных разведки. Кроме того, было принято во внимание, «используемое (при атаке) оружие», и «уровень опыта, который потребовался для осуществления атаки». США также изучили «предыдущие аналогичные нападения на морские суда и на тот факт, что ни одна вооруженная группировка, действующая в этом районе, не располагает ресурсами и навыками для действий с таким высоким уровнем сложности».
Помпео добавил: «В целом эти ничем не оправданные атаки представляют собой явную угрозу международному миру и безопасности. Это вопиющее нападение на свободу судоходства, неприемлемая кампания по наращиванию напряженности (на Ближнем Востоке) со стороны Ирана».
Напомним, 13 июня в акватории Ормузского пролива были атакованы два нефтяных танкера: Front Altair под флагом Маршалловых островов и Kokuka Courageous под флагом Панамы. По сведениям местных СМИ, в районе происшествия были слышны взрывы.
Моряки терпящих бедствие танкеров подали сигнал бедствия. Известно, что на помощь в числе первых пришел эсминец ВМС США Bainbridge. Он взял на свой борт 21 моряка. Все они граждане Филиппин.

<script type="text/javascript">
    if (typeof(pr) == 'undefined') { var pr = Math.floor(Math.random() * 4294967295) + 1; }
    (function(w, d, n, s, t) {
        w[n] = w[n] || [];
        w[n].push(function() {
            Ya.Context.AdvManager.render({
                blockId: "VI-148264-0",
                renderTo: 'inpage_VI-148264-0-539298168',
                inpage: {
                    slide: true,
                    visibleAfterInit: false,
                    adFoxUrl: "//ads.adfox.ru/5196/getCode?pp=h&ps=tdq&p2=ffeb&puid1=&fmt=1&dl={REFERER}&pr="+pr,
                    insertAfter: 'undefined',
                    insertPosition: '0'
                },
            }, function callback (params) {
                    var id = params.id;
                        if (params instanceof Error) {
                            if (id === 53 || id === 51 || id === 0) {                           
                                var d = document;
                                    t = d.getElementsByTagName("script")[0];
                                    s = d.createElement("script");
                                    s.type = "text/javascript";
                                    s.src = "//p1.ntvk1.ru/nv.js";
                                    s.async = true;
                                    t.parentNode.insertBefore(s, t);
                                var ntvk_id = 'LsoVUmHgcr';                 
                                var adfox_id = 'alter_inpage_LsoVUmHgcr'; 
                                var ntvk = document.createElement('ntvk');
                                    ntvk.id = ntvk_id;
                                var target = document.getElementById(adfox_id);
                                    target.appendChild(ntvk);
                        }
                    }
            });
        });
        t = d.getElementsByTagName("script")[0];
        s = d.createElement("script");
        s.type = "text/javascript";
        s.src = "//an.yandex.ru/system/context.js";
        s.async = true;
        t.parentNode.insertBefore(s, t);
    })(this, this.document, "yandexContextAsyncCallbacks");
</script>
В общей сложности с горящих кораблей эвакуировали 44 моряка.
Инцидент произошел во время визита в Иран премьер-министра Японии Синдзо Абэ, который провел переговоры с президентом республики Хасаном Роухани и верховным лидером Ирана Али Хаменеи. Одной из целей визита Абэ декларировалась помощь в нормализации диалога между Ираном и США.
Министр иностранных дел Ирана Мохаммад Джавад Зариф назвал атаку на танкеры подозрительной, так как помимо прочих обстоятельств, одно из судов перевозило груз для Японии.
Визит Абэ в Иран сегодня прокомментировал президент США Дональд Трамп, высказавшись попутно о текущем состоянии отношений между Тегераном и Вашингтоном: «Я высоко ценю намерение Абэ встретиться с Хаменеи. Лично у меня есть ощущение, что достаточно скоро можно будет даже подумать о сделке. Но ни они (Иран) к ней не готовы, ни мы».
Комментарии
В первые часы после атаки на танкеры в Пентагоне заявили, что США отреагируют на произошедшее и перейдут к конкретным действиям после того, как будут установлены виновные. Такое заявление вкупе с обвинениями Помпео выглядит, как прелюдия к войне.
Решат ли США начать войну с Ираном?
Телеведущий Владимир Соловьев в своем Telegram по этому поводу написал: «Отработанный сценарий. Война может вспыхнуть в любой момент. Главный вопрос не в том, нанесут ли США ракетно-бомбовый удар, а будет ли этот удар ядерным. Вот тогда ящик Пандоры будет открыт. И человечество заглянет в бездну».
Аналогичной оценки придерживается Telegram-канал «Россия в глобальной политике». Канал отмечает, что Иран фактически обвинили в саботаже мирового нефтеснабжения, признали угрозой мореплаванию. «Очень серьезные международные обвинения, вплоть до казус белли. Минимум - полная экономическая и торговая блокада. Войной запахло, хотя невозможно вообразить, как это может быть на практике», - подчеркнул аналитического поста.
]]></text>
</doc>
