<?xml version='1.0' encoding='UTF-8'?>
<doc>
  <title auto="true" type="str" verify="true"><![CDATA[В Новороссийске дети смогут прокатиться на «Сказочном троллейбусе»]]></title>
  <category auto="true" type="str" verify="true"><![CDATA[Власть и Общество/Общество]]></category>
  <source auto="true" type="str" verify="true"><![CDATA[https://www.infox.ru//news/289/social/society/219415-v-novorossijske-deti-smogut-prokatitsa-na-skazocnom-trollejbuse]]></source>
  <text auto="true" type="str" verify="true"><![CDATA[
В дни школьных каникул маленькие пассажиры и их родители смогут прокатиться на необычном троллейбусе. Его можно узнать по изображенным на нем сказочным персонажам.
Как сообщает gorod-novoross, в троллейбусе дети смогут посмотреть мультфильмы, послушать детские песни, и сделать селфи в яркой фотозоне. Со стен и потолка гостей троллейбуса будут приветствовать сказочные герои.
Впервые «Сказочный троллейбус» вышел на маршрут 20 июня. Его первыми пассажирами стали ученики Центра детского творчества. Маленьких гостей развлекали Алеша Попович, Добрыня Никитич и Илья Муромец, Аленушка, Любава и Настасья, Маша и Дружок Барбоскин. Аниматоры провели интерактивную программу с конкурсами, викторинами и веселыми песнями.Будущих пассажиров «волшебного» троллейбуса приглашают принять участие в двух конкурсах.
В рамках первого необходимо собрать как можно больше билетов со сказочными героями. Затем их необходимо предоставить в приемную троллейбусного депо на Анапском шоссе, 60 с 20 по 24 июля. В рамках второго – отправить фотографии, сделанные в троллейбусе, на электронную почту mup-mptn@mail.ru с пометкой «Конкурс» или на WhatsApp 89883151832. Итоги двух конкурсов станут известны 25 июля. Победителей наградят ценными подарками.
]]></text>
</doc>
