<?xml version='1.0' encoding='UTF-8'?>
<doc>
  <title auto="true" type="str" verify="true"><![CDATA[Строительство базы лагеря “Сибирский легион” отложено как минимум на год]]></title>
  <category auto="true" type="str" verify="true"><![CDATA[Власть и Общество/Общество]]></category>
  <source auto="true" type="str" verify="true"><![CDATA[https://www.infox.ru//news/250/social/society/219284-stroitelstvo-bazy-lagera-sibirskij-legion-otlozeno-kak-minimum-na-god]]></source>
  <text auto="true" type="str" verify="true"><![CDATA[
На заседании постоянного комитета Думы Сургута по социальной политике, прошедшем в городе, в числе прочего обсудили состояние дел по строительству объекта «Загородный специализированный (профильный) военно-спортивный лагерь «Барсова гора» на базе центра военно-прикладных видов спорта МБУ «ЦСП «Сибирский легион».
Корреспондент Infox узнал, на каком этапе находится согласование строительства данного объекта. Отметим, в мае текущего года этот вопрос поднимался вне повестки дня, и его рекомендовано было рассмотреть на 27 заседании Думы.
«Сибирский легион» - старейший военно-спортивный лагерь Сургута, который был создан в 1998 году. Он стабильно пользуется высоким спросом среди детей и их родителей. Более половины воспитанников возвращаются сюда, причем, не по одному разу. По результатам многочисленных конкурсов лагерь неоднократно был признан лучшим.
Уже несколько лет существует проблема, особенно в летний период, что заявлений на пребывание детей в два-три раза больше, чем мест в учреждении.
В этом году была разработана проектная документация для начала строительства дополнительной базы лагеря, которая, по оценкам специалистов, позволит принять около 150 детей дополнительно.
На заседании парламентарии выяснили, что в данный момент вопрос не только в отсутствии финансирования, но и в некоторых недочетах проектной документации.На устранение данных недочетов потребуется порядка года, но чтобы после этого можно сразу начать строительство, запрашивать финансирование планируют осенью этого года, в период утверждения бюджета на 2020 год.
]]></text>
</doc>
