<?xml version='1.0' encoding='UTF-8'?>
<doc>
  <title auto="true" type="str" verify="true"><![CDATA[Историю Тулы расскажут в Москве]]></title>
  <category auto="true" type="str" verify="true"><![CDATA[Власть и Общество/Общество]]></category>
  <source auto="true" type="str" verify="true"><![CDATA[https://www.infox.ru//news/282/social/society/218759-istoriu-tuly-rasskazut-v-moskve]]></source>
  <text auto="true" type="str" verify="true"><![CDATA[
Выставка в честь 500-летия Тульского кремля открылась в Государственном историческом музее в столице.
В экспозицию вошли археологические памятники, орудия труда, предметы быта, оружие, карты и другие артефакты. Выставку открыли при участии министра культуры Владимира Мединского, вице-премьера Константина Чуйченко и главы Тульской области Алексея Дюмина, пишет ТАСС.
Экспозиция воссоздала историю создания кремля в Туле, засечных черт (фортификационных сооружений), а также освоения земель южнее Оки. Среди самых древних представлены подлинные документы XIV века, в которых впервые упоминается Тула. Это время Куликовской битвы и великого князя Дмитрия Донского. Посетители увидят экспонаты времен объединения княжеств вокруг Москвы и свержения ордынского ига. Отдельный раздел посвящен засечным чертам и становлению Тулы как оружейной кузницы. Окончание создания кремля и начало строительство Большой засечной черты объединило территории и защищало их от набегов с юга.
Мединский отметил просветительский посыл экспозиции. По его словам, засечная черта закрывала весь юг государства. Она имела колоссальное значение. Знания россиян об уникальном сооружении, которое защищало русские земли в XVI-XVII веках, выйдет на новый уровень, добавил Дюмин.
Выставка будет работать до 13 сентября. Основные события в честь 500-летия Тульского кремля состоятся в будущем году.
]]></text>
</doc>
