<?xml version='1.0' encoding='UTF-8'?>
<doc>
  <title auto="true" type="str" verify="true"><![CDATA[В Тюмени открыли понтонную переправу, соединяющую Мыс и Лесобазу]]></title>
  <category auto="true" type="str" verify="true"><![CDATA[Власть и Общество/Общество]]></category>
  <source auto="true" type="str" verify="true"><![CDATA[https://www.infox.ru//news/289/social/society/218785-v-tumeni-otkryli-pontonnuu-perepravu-soedinausuu-mys-i-lesobazu]]></source>
  <text auto="true" type="str" verify="true"><![CDATA[
Сегодня, 10 июня, было возобновлено движение по понтонной переправе через реку Туру в Тюмени. Напомним, что оно было закрыто в прошлом месяце из-за высокого уровня воды.
По данным городского департамента безопасности жизнедеятельности, переправа снова стала доступна для автомобилистов в 6 часов утра (4 часа утра по московскому времени) понедельника.Также стало известно, что уровень воды в реке на сегодняшний день составляет 583 сантиметра.
Понтонная переправа соединяет два района города – Мыс и Лесобазу. 13 мая ее работа была временно приостановлена в связи с весенним половодьем. На тот момент уровень воды в реке превышал 670 сантиметров. Ранее, в 2016 году, из-за разлива Туры в Тюмени был введен режим чрезвычайной ситуации. Тогда вода в реке поднялась до 868 сантиметров.
]]></text>
</doc>
