<?xml version='1.0' encoding='UTF-8'?>
<doc>
  <title auto="true" type="str" verify="true"><![CDATA[Самую старую зелёную зону благоустроят в Пашковском районе Краснодара]]></title>
  <category auto="true" type="str" verify="true"><![CDATA[Власть и Общество/Общество]]></category>
  <source auto="true" type="str" verify="true"><![CDATA[https://www.infox.ru//news/289/social/society/219421-samuu-staruu-zelenuu-zonu-blagoustroat-v-paskovskom-rajone-krasnodara]]></source>
  <text auto="true" type="str" verify="true"><![CDATA[
Власти Краснодара сообщили о планах по возрождению самого старого сквера города, который расположен в микрорайоне Пашковском. Благоустройство зелёной зоны планируют завершить до конца сентября 2019 года.
Сквер находится на территории, ограниченной улицами Бершанской, Кутовой, Садовой и Студенческой. Площадь общественного пространства занимает 1,1 га. Сейчас подрядная организация ООО «Кубаньблагсервис2» завершает демонтаж старого покрытия из асфальта и формирует нижний слой для тротуарной плитки - она будет уложена на главной аллее.
Рабочие уже провели санитарную обрезку деревьев и убрали аварийные зелёные насаждения в сквере. Осенью здесь будет высажено 50 лип, магнолий, сосен, черемух и более 4 тысяч кустарников. В клумбах появятся розы.
Также власти планируют установить 50 новых лавочек и 50 светильников, положить газоны, оборудовать систему автоматического полива, построить детскую и спортивную площадки, установить 22 элемента игрового и спортивного оборудования, поставить новые столы для настольного тенниса.
]]></text>
</doc>
