<?xml version='1.0' encoding='UTF-8'?>
<doc>
  <title auto="true" type="str" verify="true"><![CDATA[Жителей Новосибирска удивят «Ночью фонтанов»]]></title>
  <category auto="true" type="str" verify="true"><![CDATA[Власть и Общество/Общество]]></category>
  <source auto="true" type="str" verify="true"><![CDATA[https://www.infox.ru//news/282/social/society/219115-zitelej-novosibirska-udivat-nocu-fontanov]]></source>
  <text auto="true" type="str" verify="true"><![CDATA[
Дату проведения праздника цветных и музыкальных фонтанов в Новосибирске пока не выбрали.
Первый праздник фонтанов планируют провести в одну из теплых летних ночей нынешнего года. Об этом сообщил руководитель «Горфонтана» Валерий Науменко, передает местное издание «Новосибирские новости».
По его словам, всю красоту свето-музыклаьных фонтанов можно оценить только в ночное время: днем мешает солнце. Специально для праздника световое оформление не будут выключать. В обычные дни оно перестает работать к 00:00.
Подсветкой оборудовали фонтаны в Первомайском сквере, которые представляют собой старейший водный каскад в городе. Более 100 светодиодов вмонтируют в фонтан на площади Пименова, который является самым большим в сибирской столице. Число подсвеченных фонтанов будут постоянно увеличивать, отметил Науменко.
По его словам, за лето фонтаны несколько раз почистят, чтобы поддерживать их в рабочем состоянии. За каждым водным объектом установлено видеонаблюдение. В случае проблем будут принимать меры, добавил глава «Горфонтана».
]]></text>
</doc>
