<?xml version='1.0' encoding='UTF-8'?>
<doc>
  <title auto="true" type="str" verify="true"><![CDATA[В Госдуме уверены в эффективности закона о «пьяных» ДТП]]></title>
  <category auto="true" type="str" verify="true"><![CDATA[LIfeStyle/Спорт]]></category>
  <source auto="true" type="str" verify="true"><![CDATA[https://www.infox.ru//news/251/lifestyle/sport/219082-v-gosdume-uvereny-v-effektivnosti-zakona-o-panyh-dtp]]></source>
  <text auto="true" type="str" verify="true"><![CDATA[
Подписанный сегодня главой государства Владимиром Путиным закон об ужесточении наказания для пьяных водителей, совершивших ДТП, резко сократит желание россиян выпивать за рулем.
Об этом заявил первый зампред комитета Госдумы по государственному строительству и законодательству Юрий Синельщиков.
Он подчеркнул, что ужесточение ответственности является самым распространенным и самым эффективным инструментом для выправления любой негативной статистики. Касаемо количества ДТП есть масса исследований, подтверждающих этот тезис.
Синельщиков выразил уверенность, что новый закон позволит резко сократить число пьяных ДТП, убережет водителей от соблазна выпившими садиться за руль.
Новые поправки в закон увеличиваю сроки тюремного заключения для виновников ДТП, находившихся за рулем в нетрезвом состоянии. В случае причинения тяжкого вреда здоровью, виновнику теперь грозит от 3 до 7 лет лишения свободы (ранее максимальный срок составлял 4 года).
Гибель человека увеличивает срок посадки до 12 лет (ранее до 7 лет).
Если в ДТП погибли двое и более, то наказание увеличивается до 8-15 лет (было до 9 лет).
Эксперт: штраф за превышение скорости на 10 км/ч уменьшит смертность при ДТП
Кроме того, поправки вносят коррективы в статью 263 УК РФ, которые ужесточают наказание за аналогичные преступления на железнодорожном, воздушном, морском и внутреннем водном транспорте и метрополитене.
Напомним, 24 апреля Владимир Путин подписал другой закон, который серьезно усложнит жизнь водителям, оставившим место ДТП. Побег с места ДТП теперь приравнивается к вождению в пьяном виде. До принятия этого закона, оставление места ДТП грозило административным арестом до 15 суток или лишением прав на 1-1,5 года. Теперь, если водитель скрылся с места ДТП, в результате которого был причинен тяжкий вред здоровью потерпевших, а тем более есть погибшие, он априори считается «пьяным» со всеми вытекающими последствиями. В частности, начинает действовать ныне принятый закон о «пьяных» ДТП.
]]></text>
</doc>
