<?xml version='1.0' encoding='UTF-8'?>
<doc>
  <title auto="true" type="str" verify="true"><![CDATA[«На первый взгляд, вопиющая ситуация» - Роскомнадзор отреагировал на утечку данных 900 тысяч россиян]]></title>
  <category auto="true" type="str" verify="true"><![CDATA[Наука и технологии/Интернет]]></category>
  <source auto="true" type="str" verify="true"><![CDATA[https://www.infox.ru//news/251/science/internet/218721-na-pervyj-vzglad-vopiusaa-situacia-roskomnadzor-otreagiroval-na-utecku-dannyh-900-tysac-rossian]]></source>
  <text auto="true" type="str" verify="true"><![CDATA[
Роскомнадзор изучает ситуацию с утечкой данных 900 тысяч клиентов трех российских банков.
После детального анализа надзорное ведомство может обратиться в Генпрокуратуру за санкцией на блокировку ресурсов, опубликовавших личную информацию почти миллиона граждан.
Пресс-служба РКН сообщила, что у издания «КоммерсантЪ» взяли «ссылки на базы (данных) и всю необходимую фактуру». «На первый взгляд, она выглядит вопиющей - конечно», - отмечается в сообщении. По мнению специалистов РКН, публикация такого количества личных данных создает большие риски для граждан.
Роскомнадзор уточнил, что слитую информацию опубликовал форум. База данных доступна для платного скачивания. Это интернациональный ресурс, зарегистрированный на гражданина Украины. Сервера находятся в Германии. В случае необходимости РКН через Генпрокуратуру обратится в суд для решения вопроса о блокировке. «Полагаем, что после проработки юридических деталей мы именно так и поступим», - рассказал пресс-секретарь ведомства Вадим Ампелонский.
В настоящий момент Роскомнадзор выясняет, как личные данные россиян могли попасть в сеть, и были ли реальные последствия утечки для граждан. Есть вероятность, что данные украли в результате фишинга. В таком случае делом займутся правоохранительные органы. РКН также проверит версию халатности операторов персональных данных, ответственных за их безопасность.
В ночь на понедельник «Коммерсантъ» опубликовал статью, в которой говорится, что в конце мая 2019 года в сеть попали данные клиентов «ОТП Банка», «Альфа Банка» и «ХКФ Банка». Данные собирались на протяжении нескольких лет. Только сейчас их опубликовали, но некоторая информация не утратила актуальности.
Информация о клиентах включает в себя имена, фамилии, паспортные данные, данные о кредитах и средствах на счетах.
Все три банка после появления статьи «Ъ» начали внутренние проверки. Об этом сообщил ТАСС со ссылкой на соответствующие пресс-службы. Альфа-банк сейчас занимается проверкой достоверности информации об утечке.
В двух других банках отвергли возможность утечки, но пообещали на всякий случай провести дополнительные проверки.
]]></text>
</doc>
