<?xml version='1.0' encoding='UTF-8'?>
<doc>
  <title auto="true" type="str" verify="true"><![CDATA[Прокуратура проверит полеты Сечина за счет «Роснефти»]]></title>
  <category auto="true" type="str" verify="true"><![CDATA[Власть и Общество/Закон]]></category>
  <source auto="true" type="str" verify="true"><![CDATA[https://www.infox.ru//news/282/social/law/219162-prokuratura-proverit-polety-secina-za-scet-rosnefti]]></source>
  <text auto="true" type="str" verify="true"><![CDATA[
Партия «Яблоко» потребовала проверить частные полеты Игоря Сечина с использованием авиапарка возглавляемой им компании.
Соответствующее заявление в Генпрокуратуру России подал центр антикоррупционной политики (ЦАП) «Яблока». В перелетах Сечина за счет «Роснефти» антикоррупционеры увидели признаки злоупотреблений полномочиями. Заявление о признаках коррупции также подали в Счетную палату РФ, отмечается на сайте политической партии.
Центр напомнил, что российское законодательство запрещает руководителям организаций пользоваться своими полномочиями против интересов возглавляемых структур и для получения личной выгоды.
Reuters: самолеты «Роснефти» летали на Майорку в одно время с Сечиным
В ЦАП со ссылкой на ВВС сообщили, что зарплата Игоря Сечина может достигать 600 миллионов рублей в год. С таким доходом «дополнительный соцпакет и санаторное лечение на Мальдивах являются избыточными», отметили антикоррупционеры. По их словам, это также говорит о неэффективном управлении нефтекомпанией.
Представители центра напомнили, что «Роснефть» наполовину принадлежит государству. Соответственно, россияне имеют право знать, как тратятся ресурсы компании. ЦАП также предложил премьер-министру России Дмитрию Медведеву проверить использование ресурсов «Роснефти» для отдыха Игоря Сечина.
Ранее агентство Reuters сообщало, что за 4,5 года борты «Роснефти» совершили 290 рейсов, почти треть из которых пришлась на праздники и выходные. 30 раз самолеты компании летали на Пальма-де-Майорку, Сардинию и Мальдивы. В это же время на островах находился глава компании, его экс-супруга или друзья. Открытой информации о проведении официальных мероприятий в указанных местах агентство не нашло. В компании заявили, что соблюдают корпоративные стандарты, которые не предполагают использования самолетов в личных целях.
]]></text>
</doc>
