<?xml version='1.0' encoding='UTF-8'?>
<doc>
  <title auto="true" type="str" verify="true"><![CDATA[В Новосибирске очистили пешеходную дорожку для незрячих]]></title>
  <category auto="true" type="str" verify="true"><![CDATA[Власть и Общество/Общество]]></category>
  <source auto="true" type="str" verify="true"><![CDATA[https://www.infox.ru//news/251/social/society/219209-v-novosibirske-ocistili-pesehodnuu-dorozku-dla-nezracih]]></source>
  <text auto="true" type="str" verify="true"><![CDATA[
Бетонные блоки под Октябрьским мостом было уложены прямо на тактильную плитку.
Появление блоков а тротуаре жители города заметили в конце мая. Их установили по периметру площадки, которую раньше водители часто использовали как перехватывающую парковку.
Такая мера борьбы против нелегальной стоянки вызвала критику, как несущая угрозу для незрячих пешеходов.
Спустя месяц бетонные блоки убрали с дорожки. Об этом сообщает портал vashgorod со ссылкой на пользователей соцсетей.
]]></text>
</doc>
