<?xml version='1.0' encoding='UTF-8'?>
<doc>
  <title auto="true" type="str" verify="true"><![CDATA[Крушение режима Плахотнюка: как Россия и Запад вместе освободили Молдавию от правителя-олигарха]]></title>
  <category auto="true" type="str" verify="true"><![CDATA[В мире/Политика]]></category>
  <source auto="true" type="str" verify="true"><![CDATA[https://www.infox.ru//news/283/world/politics/219155-krusenie-rezima-plahotnuka-kak-rossia-i-zapad-vmeste-osvobodili-moldaviu-ot-pravitela-oligarha]]></source>
  <text auto="true" type="str" verify="true"><![CDATA[
Молдавия в последнее время вдруг очутилась в центре внимания СМИ в РФ и на Западе. 
В стране рассыпался режим олигарха и главы местной Демпартии Владимира Плахотнюка. Этот режим сохранялся, имитируя евроинтеграцию, противостояние «русской угрозе», развитие демократии, пишет журналист Владимир Соловьев.
Плахотнюк с нулевых медленно пробирался наверх. В какой-то момент он был близок к президенту страны Воронину, руководившему с 2001 по 2009 год. Пока Воронин был президентом, а его компартия — партией власти, Плахотнюк курировал партийные СМИ, работу самой партии. Приближенность к власти, в тени которой действовал Плахотнюк, позволяла ему развивать собственные бизнес-интересы.
В 2009 году он решает сам пойти в политику. Олигарх вступил в ряды Демпартии, входившей в Альянс за евроинтеграцию — союз трех проевропейских партий, которым удалось отодвинуть от власти компартию Воронина. Этот союз, прославляя европейские ценности, тайно делил ключевые посты и денежные потоки.
В 2016 году Демпартия, имевшая уже более 50% мест в парламенте, сумела назначить свое правительство, которое возглавил Павел Филип. Демократам и Плахотнюку мешало лишь одно: уличные протесты, отмечает журналист.

<script type="text/javascript">
    if (typeof(pr) == 'undefined') { var pr = Math.floor(Math.random() * 4294967295) + 1; }
    (function(w, d, n, s, t) {
        w[n] = w[n] || [];
        w[n].push(function() {
            Ya.Context.AdvManager.render({
                blockId: "VI-148264-0",
                renderTo: 'inpage_VI-148264-0-539298168',
                inpage: {
                    slide: true,
                    visibleAfterInit: false,
                    adFoxUrl: "//ads.adfox.ru/5196/getCode?pp=h&ps=tdq&p2=ffeb&puid1=&fmt=1&dl={REFERER}&pr="+pr,
                    insertAfter: 'undefined',
                    insertPosition: '0'
                },
            }, function callback (params) {
                    var id = params.id;
                        if (params instanceof Error) {
                            if (id === 53 || id === 51 || id === 0) {                           
                                var d = document;
                                    t = d.getElementsByTagName("script")[0];
                                    s = d.createElement("script");
                                    s.type = "text/javascript";
                                    s.src = "//p1.ntvk1.ru/nv.js";
                                    s.async = true;
                                    t.parentNode.insertBefore(s, t);
                                var ntvk_id = 'LsoVUmHgcr';                 
                                var adfox_id = 'alter_inpage_LsoVUmHgcr'; 
                                var ntvk = document.createElement('ntvk');
                                    ntvk.id = ntvk_id;
                                var target = document.getElementById(adfox_id);
                                    target.appendChild(ntvk);
                        }
                    }
            });
        });
        t = d.getElementsByTagName("script")[0];
        s = d.createElement("script");
        s.type = "text/javascript";
        s.src = "//an.yandex.ru/system/context.js";
        s.async = true;
        t.parentNode.insertBefore(s, t);
    })(this, this.document, "yandexContextAsyncCallbacks");
</script>
К парламентским выборам февраля текущего года олигарх пришел во всеоружии. Избирательная система подстроена под его нужды. Все госструктуры: силовики, Центризбирком и КС, полностью подчинены ему. Крупнейший в стране медиахолдинг Плахотнюка перещеголял даже госпропаганду РФ.
Итоги выборов и правда стали для очень непопулярных демократов достойными: в общей сложности 40 мест из 101. Пророссийским социалистам досталось 35 мест, а еще 26 — у проевропейского союза ACUM.Партии начали говорить о создании коалиции. Демократы и социалисты говорили, что согласны создать союз с любой политической силой.
Казалось, что все окончится или союзом между социалистами и демократами, или все уйдут на досрочные выборы, которые смогут укрепить положение Демпартии. Но в начале июня стартовали события, необычные для региона, где за влияние борются РФ и Запад.
В столице Молдовы встретились вице-премьер РФ Козак, еврокомиссар ЕС Йоханис Хан и сотрудник Госдепа США Брэд Фреден.Все приехавшие встретились с главами партий и с президентом Додоном. Козак на пресс-конференции по итогам встречи с Додоном вдруг прямо заявил, что социалистам лучше бы вступить в союз с проевропейским ACUM, а не с демпартией, чтобы вывести Молдову из нынешнего плачевного состояния в демократическую нормальную жизнь.
Уже 8 июня такой союз был создан. И начался острый кризис. Демократы не стали признавать законность созданного союза. Демпартия, не ожидавшая, что стороны вступят в союз, ударила по новой власти. СМИ олигарха винили Додона, премьера Санду, спикера Гречаную и прочих участников альянса в госизмене: якобы те договорились по указке Козака, чтобы затем сделать Молдавию федерацией, возвратив ей Приднестровье.
Конституционный суд стал выпускать совершенно неожиданные решения: коалиция незаконна, правительство незаконно, парламент нужно распустить и проводить досрочные выборы. Суд отстранил Додона от власти, назначил врио президента экс-премьера Филипа, который одобрил указ о роспуске парламента, а затем опять из врио стал экс-премьером.
На главной площади Кишинева демократы 9 июня собрали акцию, на которую, сопровождаемый телохранителями, прибыл Плахотнюк. Он пообещал не сдаваться и спасти Молдову от предателей, продавших ее РФ.
И тут из ряда стран начали приходить негативные для демократов вести. Законность нового правительства признали глава дипломатии ЕС Могерини и еврокомиссар Йоханнес Хан. Позже законность новой власти признал и МИД РФ. Позже появилось схожее заявление от ФРГ, Англии, Франции, Швеции и Польши.
Штаты долгое время тянули с оценкой произошедшего в Кишиневе. 14 июня посол США в Молдавии Хоган пришел в офис Демпартии, где наедине недолго поговорил с Плахотнюком, и ушел. Через некоторое время Плахотнюк исчез. Есть версия, что он отбыл в Штаты, куда заранее привез семью.
Никогда еще Штирлиц не был так близок к провалу: бывший канцлер Германии назвал Крым российским
Режим, представляющийся нерушимым, был разрушен, когда свои усилия объединили РФ, ЕС и Америка. И все обошлось без крови и конфликтов. РФ успешно решенный с ее участием кризис помог поправить свой имидж в Молдове.
Неожиданная готовность Москвы поддерживать правительство, сформированное из проевропейских партий связана с тем, что правитель-олигарх давно был для Кремля неприемлемым партнером. В 2010 году он способствовал тому, чтобы союз коммунистов и демократов, который создавал в Молдавии тогдашний глава АП РФ Нарышкин, не был заключен. В 2014 году, во время украинского кризиса, многие СМИ олигарха и он сам занимались демонизацией РФ и ее правительства.
То, что Плахотнюка убрали из молдавской политики, формирует новую ситуацию, в которой Москва может надеяться на приход к власти политиков, которые не будут создавать столько трудностей, сколько создавал Плахотнюк. После низвержения Демпартии пророссийская Партия социалистов может занять главенствующую роль в политике Молдовы, считает журналист.
]]></text>
</doc>
