<?xml version='1.0' encoding='UTF-8'?>
<doc>
  <title auto="true" type="str" verify="true"><![CDATA[Конвейер работает по-прежнему: как в России заводят дела по статье 228]]></title>
  <category auto="true" type="str" verify="true"><![CDATA[Власть и Общество/Общество]]></category>
  <source auto="true" type="str" verify="true"><![CDATA[https://www.infox.ru//news/283/social/society/219315-konvejer-rabotaet-po-preznemu-kak-v-rossii-zavodat-dela-po-state-228]]></source>
  <text auto="true" type="str" verify="true"><![CDATA[
До 25% заключенных РФ отбывают срок по «наркотической» статье (228 УК РФ). 
Но, как показало произошедшее с журналистом Иваном Голуновым, за обвинением часто скрыто желание посадить неугодных. «Собеседник» собрал несколько таких историй.
Одновременно с громким делом Голунова под Нальчиком развивалась похожая история. Черкесский активист Мартин Кочесоков ехал на своем автомобиле от родственников. Его остановили сотрудники ДПС. Кроме проверки документов, досмотрели автомашину. И нашли пакет с наркотиками.
Незадолго до этого к родителям общественника приходили люди из администрации и попросили сказать сыну, что нужно снизить активность, «чтобы вел себя поскромнее». Кочесоков занимается неудобным «черкесским вопросом». Он и его движение боролись за права черкесов в Сирии — там проживает довольно большая черкесская диаспора. Также они выступали против ФЗ об ограничении в отношении родных языков.
Подброс запрещенных препаратов — простейший способ избавиться от неугодного лица, сообщил адвокат Артур Прель, специализирующийся на «наркотических» делах.
Делом журналиста Андрея Евгеньева сейчас занимается политик Дмитрий Гудков. Журналист уже четвертый год находится в колонии за наркотики.
Журналист возвращался с домой, когда к нему подошли полицейские. Объяснили, что идет проверка документов, он похож по приметам на человека, который купил наркотики. Журналист стал возмущаться. Полицейские, по всей видимости, разозлились.
Как фабрикуют дела о наркопреступлениях - Романова
Они предложили Евгеньеву сделку: пойти с мечеными деньгами и купить что-то — то есть побыть «подсадной уткой». Он отказался. Тогда ему подбросили наркотики. В октябре журналист должен освободиться, отбыв весь срок.
В том же УВД работали и с 22-летним Никитой Михеенко. Вели его те же самые сотрудники, что и Евгеньева. И похожими методами — после допроса Михеенко пролежал неделю в клинике с сотрясением мозга. Мать молодого человека полагает, что на ее сына завели дело, чтобы повысить раскрываемость — вряд ли студент кому-то мешал.
Отец журналиста Евгеньева Анатолий Евгеньев полагает, что многие сейчас, после того, как Голунова выпустили, заблуждаются, считая это победой. Но конвейер по-прежнему работает, считает он.
]]></text>
</doc>
