<?xml version='1.0' encoding='UTF-8'?>
<doc>
  <title auto="true" type="str" verify="true"><![CDATA[Тула и Иньчуань решили подружиться]]></title>
  <category auto="true" type="str" verify="true"><![CDATA[Власть и Общество/Общество]]></category>
  <source auto="true" type="str" verify="true"><![CDATA[https://www.infox.ru//news/29/social/society/219066-tula-i-incuan-resili-podruzitsa]]></source>
  <text auto="true" type="str" verify="true"><![CDATA[
Тула заключили меморандум о дружеских отношениях с китайским городом Иньчуань.
Его подписали мэр Тулы Юрий Цкипури и глава Иньчуаня Цзо Синьцзюнь. Визит делегатов из КНР происходил в рамках развития отношений между странами.
В своем приветственном слове Цкипури отметил, что две страны – крупнейшие государства-соседи, имеющие общую границу. Он уточнил, что сотрудничество двух городов поспособствует развитию отношений и между странами.
На встрече присутствовали сотрудники администрации Тулы и представители Корпорации развития Тульской области. Замглавы администрации Тулы Илья Беспалов рассказал об экономическом потенциале города.
В свою очередь градоначальник Иньчуаня Цзо Синьцзюнь поведал о своей родине. Численность населения Иньчуаня, являющегося столицей провинции Нинся, – около 3 млн человек.
Основу экономики города и близлежащих территорий составляют сельское хозяйство (например, выращивают ягоду годжи) и пищепром, текстильное производство и выработка энергии. Цзо Синьцзюнь пригласил власти Тулы приехать с визитом в Иньчуань.
Среди побратимов Тулы сейчас семь городов. Это словацкая Банска-Бистрица, грузинский Кутаиси, белорусский Могилев, Олбани (штат Нью-Йорк, США), немецкий Филлинген-Швеннинген, колумбийская Барранкилья и Керчь (с апреля 2014 года).
]]></text>
</doc>
