<?xml version='1.0' encoding='UTF-8'?>
<doc>
  <title auto="true" type="str" verify="true"><![CDATA[На улицах Новороссийска появятся более 15 тысяч новых светильников]]></title>
  <category auto="true" type="str" verify="true"><![CDATA[Власть и Общество/Общество]]></category>
  <source auto="true" type="str" verify="true"><![CDATA[https://www.infox.ru//news/289/social/society/219002-na-ulicah-novorossijska-poavatsa-bolee-15-tysac-novyh-svetilnikov]]></source>
  <text auto="true" type="str" verify="true"><![CDATA[
На сайте госзакупок была опубликована информация о проведении аукциона на закупку оборудования для системы, которая поможет увеличить сбережение электроэнергии при уличном освещении.
Заказчиком услуги выступает «Ростелеком». Максимальная цена контракта составляет 253 820 000 рублей. За эти деньги подрядчику необходимо будет купить и поставить компании светильники и систему управления ими. Устройства планируется установить более чем на 400 улицах, расположенных в разных районах города. Старое оборудование будет заменено на новое в парковых зонах, внутри кварталов и на дорогах.
В соответствии с конкурсной документацией, там появятся более 15 тысяч новых светильников. Оборудование будет автоматизировано. В зависимости от различных факторов в скором времени можно будет регулировать режим работы уличного освещения.
]]></text>
</doc>
