<?xml version='1.0' encoding='UTF-8'?>
<doc>
  <title auto="true" type="str" verify="true"><![CDATA[Под Новосибирском открыли молочный комплекс за 5 млрд рублей]]></title>
  <category auto="true" type="str" verify="true"><![CDATA[Экономика и бизнес/Компании]]></category>
  <source auto="true" type="str" verify="true"><![CDATA[https://www.infox.ru//news/282/economy/company/218910-pod-novosibirskom-otkryli-molocnyj-kompleks-za-5-mlrd-rublej]]></source>
  <text auto="true" type="str" verify="true"><![CDATA[
Животноводческое предприятие, рассчитанное на 6 тысяч коров, построили в Маслянинском районе Новосибирской области.
Объект в селе Елбань открыл губернатор региона Андрей Травников, сообщает «Бердск Онлайн».
Предприятие, созданное компанией «Сибирская Нива», рассчитано на производство 62 тысяч тонн молока в год. На заводе построили две доильные «карусели», пять охладителей, систему очистки воды и автоматизированную систему управления стадом. Комплекс приобрел 6 тысяч нетелей голштинской породы, которых отличает высокая продуктивность.
Новое предприятие создало 130 рабочих мест. На его создание потратили более 5,1 миллиарда рублей. Открывшийся в Елбани завод стал третьим для «Сибирской Нивы» в Маслянинском районе. Ранее в Боркове и Пенькове также заработали животноводческие предприятия.
Сырое молоко планируют направлять для дальнейшей переработки на молокозавод, который откроется в следующем году. Он должен будет производить широкий ассортимент молочной продукции: от сыров до йогуртов. Ожидается, что после выхода на проектную мощность предприятие ежегодно будет потреблять 420 тысяч тонн молока.
]]></text>
</doc>
