<?xml version='1.0' encoding='UTF-8'?>
<doc>
  <title auto="true" type="str" verify="true"><![CDATA[Защитник «Арсенала» Беляев останется в Туле]]></title>
  <category auto="true" type="str" verify="true"><![CDATA[LIfeStyle/Спорт]]></category>
  <source auto="true" type="str" verify="true"><![CDATA[https://www.infox.ru//news/29/lifestyle/sport/219158-zasitnik-arsenala-belaev-ostanetsa-v-tule]]></source>
  <text auto="true" type="str" verify="true"><![CDATA[
Защитник тульского «Арсенала» Максим Беляев отказался от переезда в столицу, хотя интерес к нему проявляли московские «Спартак» и «Локомотив».
Игрок обороны продлил контракт с «канонирами» на два года – до лета 2021 года, передает пресс-служба клуба.
Беялева активно сватали в «Локомотив», и гендиректор туляков Гурам Аджоев даже говорил, что сам футболист весьма заинтересован в том, чтобы сыграть в команде, у которой впереди Лига чемпионов.
«Спартак» такую возможность Беляеву предложить не мог. Москвичи будут играть в Лиге Европы. Но дело в том, что и сам «Арсенал» пробился в этот турнир. Вероятно, поэтому он и решил не менять шило на мыло.
27-летний защитник выступает за «канониров» с 2016 года. Он вместе с командой вернулся в премьер-лигу после вылета из нее и стал одним из лидеров коллектива. Всего за туляков Беляев провел 106 официальных матчей.
Этой весной футболист даже получил вызов в сборную России, однако сыграть за национальную команду не вышло.
]]></text>
</doc>
