<?xml version='1.0' encoding='UTF-8'?>
<doc>
  <title auto="true" type="str" verify="true"><![CDATA[В России может появиться новый вид социального страхования]]></title>
  <category auto="true" type="str" verify="true"><![CDATA[Власть и Общество/Люди]]></category>
  <source auto="true" type="str" verify="true"><![CDATA[https://www.infox.ru//news/251/social/people/218944-v-rossii-mozet-poavitsa-novyj-vid-socialnogo-strahovania]]></source>
  <text auto="true" type="str" verify="true"><![CDATA[
Вице-премьер РФ Татьяна Голикова предложила ввести в России новый вид социального страхования, чтобы финансировать услуги по постоянному уходу за пациентами. 
Такое поручение она дала рабочей группе, куда войдут главный финансовый уполномоченный Юрий Воронин, представители ПФР, Фонда социального страхования, Минтруда, Минздрава.
Об этом сообщает РБК со ссылкой на список поручений Голиковой по итогам заседания совета при правительстве по вопросам попечительства в социальной сфере.
В беседе с изданием пресс-секретарь Голиковой София Малявина уточнила, что новая система страхования не потребует дополнительных сборов средств с населения.
Нынешняя система страхования предусматривает выплаты в случае болезни или несчастного случая на производстве, материнства, смерти.

<script type="text/javascript">
    if (typeof(pr) == 'undefined') { var pr = Math.floor(Math.random() * 4294967295) + 1; }
    (function(w, d, n, s, t) {
        w[n] = w[n] || [];
        w[n].push(function() {
            Ya.Context.AdvManager.render({
                blockId: "VI-148264-0",
                renderTo: 'inpage_VI-148264-0-539298168',
                inpage: {
                    slide: true,
                    visibleAfterInit: false,
                    adFoxUrl: "//ads.adfox.ru/5196/getCode?pp=h&ps=tdq&p2=ffeb&puid1=&fmt=1&dl={REFERER}&pr="+pr,
                    insertAfter: 'undefined',
                    insertPosition: '0'
                },
            }, function callback (params) {
                    var id = params.id;
                        if (params instanceof Error) {
                            if (id === 53 || id === 51 || id === 0) {                           
                                var d = document;
                                    t = d.getElementsByTagName("script")[0];
                                    s = d.createElement("script");
                                    s.type = "text/javascript";
                                    s.src = "//p1.ntvk1.ru/nv.js";
                                    s.async = true;
                                    t.parentNode.insertBefore(s, t);
                                var ntvk_id = 'LsoVUmHgcr';                 
                                var adfox_id = 'alter_inpage_LsoVUmHgcr'; 
                                var ntvk = document.createElement('ntvk');
                                    ntvk.id = ntvk_id;
                                var target = document.getElementById(adfox_id);
                                    target.appendChild(ntvk);
                        }
                    }
            });
        });
        t = d.getElementsByTagName("script")[0];
        s = d.createElement("script");
        s.type = "text/javascript";
        s.src = "//an.yandex.ru/system/context.js";
        s.async = true;
        t.parentNode.insertBefore(s, t);
    })(this, this.document, "yandexContextAsyncCallbacks");
</script>
Ответственность за материальное обеспечение в таких случаях распределяют ФОМС, ПФР, ФСС.
Подготовить предложения по реформированию системы страхования планируется к 1 ноября.
Помимо реформы страхования Голикова также предложила создать специальную цифровую платформу, которая станет базой данных граждан, нуждающихся в постоянном уходе или периодическом уходе. Эта же база позволит делать заявки на оказание услуг в электронном формате удаленно.
Разработать модель платформы поручено Минтруду и Минкомсвязи до 1 декабря.
В конце мая 2019 года Минтруда выступило с предложением изменить организационно-правовую форму государственных фондов ФОМС, ПФР и ФСС, придав им статус публично-правовых компаний (ППК).
В перспективе это позволило бы объединить фонды в единый государственный социальный фонд , который бы взял на себя все функции социального страхования и обеспечения.
Однако такую идею восприняли в основном в штыки. Представители ФОМС вовсе пригрозили крахом системы здравоохранения. Идею также раскритиковали в Госдуме.
]]></text>
</doc>
