<?xml version='1.0' encoding='UTF-8'?>
<doc>
  <title auto="true" type="str" verify="true"><![CDATA[В Тюмени два дня будет идти спортивный кинологический чемпионат]]></title>
  <category auto="true" type="str" verify="true"><![CDATA[Власть и Общество/Общество]]></category>
  <source auto="true" type="str" verify="true"><![CDATA[https://www.infox.ru//news/289/social/society/219009-v-tumeni-dva-dna-budet-idti-sportivnyj-kinologiceskij-cempionat]]></source>
  <text auto="true" type="str" verify="true"><![CDATA[
В ближайшую субботу, 15 июня, в Тюмени начнется спортивный кинологический чемпионат: служебные собаки будут соревноваться в поисках человека и защитно-караульной службе.
По информации Центра «Аванпост», в состязаниях участвуют около 30 четвероногих. Их навыки и умения будут оцениваться в соответствии с критериями российских и международных школ дрессировки.
В первый день, 15 июня, состоится открытие турнира, а затем питомцы будут демонстрировать выполнение нормативов служебного троеборья и команд на послушание. Затем четвероногие участники соревнований, их владельцы и жюри выедут за город, где состоятся соревнования по поиску человека.
В воскресенье, 16 июня, пройдут состязания в защитно-караульной службе и общем курсе дрессировки. После этого эксперты-кинологи подведут итоги и определят победителей, которые затем выступят на национальном спортивном кинологическом чемпионате, представляя Тюменскую область.
]]></text>
</doc>
