<?xml version='1.0' encoding='UTF-8'?>
<doc>
  <title auto="true" type="str" verify="true"><![CDATA[Четырех редких журавлей выпустят в дикую природу Ямала]]></title>
  <category auto="true" type="str" verify="true"><![CDATA[Наука и технологии/Звери]]></category>
  <source auto="true" type="str" verify="true"><![CDATA[https://www.infox.ru//news/289/science/animal/218791-cetyreh-redkih-zuravlej-vypustat-v-dikuu-prirodu-amala]]></source>
  <text auto="true" type="str" verify="true"><![CDATA[
Сегодня, 10 июня, на Ямал прибыли две пары годовалых самок и самцов редких журавлей. Они были доставлены в Салехард на самолете из Москвы.
Животные были выращены в питомнике редких видов журавлей. В ближайшее время птиц направят в Куноватский заказник в Шурышкарском районе.
По словам специалистов, долгий перелет стерхи выдержали хорошо. Теперь им предстоит адаптироваться к местному климату, природе и пище. Первое время они проведут в вольерах, специально оборудованных для них на болоте. Затем их выпустят на волю – это произойдет после того, как орнитологи убедятся, что птицы привыкли к окружающей среде.
Отметим, что стерхи являются исчезающим видом птиц. Они внесены в Красную книгу Международного союза охраны природы и конвенции по международной торговле животными СИТЕС. Помимо этого, животные включены в Красную книгу России и ЯНАО.
]]></text>
</doc>
