<?xml version='1.0' encoding='UTF-8'?>
<doc>
  <title auto="true" type="str" verify="true"><![CDATA[Новосибирск могут связать с Тель-Авивом прямым авиарейсом]]></title>
  <category auto="true" type="str" verify="true"><![CDATA[Экономика и бизнес/Компании]]></category>
  <source auto="true" type="str" verify="true"><![CDATA[https://www.infox.ru//news/251/economy/company/219448-novosibirsk-mogut-svazat-s-tel-avivom-pramym-aviarejsom]]></source>
  <text auto="true" type="str" verify="true"><![CDATA[
Из Новосибирска в Тель-Авив может появиться прямой рейс.
Соответствующий вопрос обсуждает департамент министерства туризма Израиля и с авиакомпании. Об этом сообщает Интерфакс.
Новосибирск занимает третье место по количеству въезжающих в Израиль туристов после Москвы и Петербурга. Однако жителям города приходится летать в Израиль с пересадками.
«Мы уверены, что с открытием прямого рейса количество туристов из Новосибирска и всей Сибири значительно вырастет. Поэтому ведём переговоры с авиакомпаниями о запуске прямого авиасообщения между Новосибирском и Тель-Авивом. Мы уже видим живой интерес к программе субсидирования этого рейса», — заявила директор по маркетингу Департамента Министерства туризма Израиля в России Ксения Воронцова.
]]></text>
</doc>
