<?xml version='1.0' encoding='UTF-8'?>
<doc>
  <title auto="true" type="str" verify="true"><![CDATA[Кубок Стэнли приедет в Новосибирск – усилиями Тарасенко]]></title>
  <category auto="true" type="str" verify="true"><![CDATA[LIfeStyle/Спорт]]></category>
  <source auto="true" type="str" verify="true"><![CDATA[https://www.infox.ru//news/29/lifestyle/sport/218916-kubok-stenli-priedet-v-novosibirsk-usiliami-tarasenko]]></source>
  <text auto="true" type="str" verify="true"><![CDATA[
Воспитанник сибирского хоккея Владимир Тарасенко завоевал Кубок Стэнли в составе команды «Сент-Луис Блюз».
Он уже пообещал в микроблоге в Twitter, что привезет его на родину. «Поеду с Кубком Стэнли в Новосибирск», – написал хоккеист.
«Блюзмены» победили «Бостон Брюинз» в решающем седьмом матче финала и впервые в своей истории стали обладателем трофея. При этом в финале они последний раз играли 50 лет назад, но тогда уступили «Монреаль Канадиенс» в серии со счетом 0-4.
«Блюз» разгромил «Брюинз» со счетом 4:0 (2:0, 0:0, 2:0). Тарасенко оказался причастен к одной из шайб, записав на свой счет результативную передачу. Всего в плей-офф он забил три гола и сделал один «ассист».
Уроженец Ярославля Тарасенко начал заниматься хоккеем именно в Новосибирске. Сначала играла за фарм-клуб местной «Сибири», а затем и за основной состав. Из «Сибири» талантливый форвард отправился в петербургский СКА, а уже оттуда уехал за океан.
Вместе с Тарасенко за «Блюз» выступает еще один россиянин – Иван Барбашев.
]]></text>
</doc>
