<?xml version='1.0' encoding='UTF-8'?>
<doc>
  <title auto="true" type="str" verify="true"><![CDATA[В Новосибирске станет поменьше хлеба]]></title>
  <category auto="true" type="str" verify="true"><![CDATA[Экономика и бизнес/Компании]]></category>
  <source auto="true" type="str" verify="true"><![CDATA[https://www.infox.ru//news/251/economy/company/219356-v-novosibirske-stanet-pomense-hleba]]></source>
  <text auto="true" type="str" verify="true"><![CDATA[
Под Новосибирском временно закрыли два цеха «Бердского хлебокомбината».
Причиной стали обнаруженные ранее недочеты в уборке помещений. Они были обнаружены в ходе проверки специалистами федеральной службы в сфере защиты прав потребителей. Выяснилось, что в кондитерском цехе и цехе по производству сладостей недостаточно убираются.
14 июня в 10:30 Бердский городской суд признал акционерное общество «Бердский хлебокомбинат"виновным в нарушении ст. 6.3 КоАП. Два цеха организации по производству конфет закрыли на 50 суток.
Об этом сообщил портал vashgorod со ссылкой на пресс-службу Управления судебных приставов по Новосибирской области.
АО «Бердский хлебокомбинат» может восстановить свою работу до 50 дней, если устранит нарушения.
]]></text>
</doc>
