<?xml version='1.0' encoding='UTF-8'?>
<doc>
  <title auto="true" type="str" verify="true"><![CDATA[В тульском облизбиркоме откроется горячая линия для населения]]></title>
  <category auto="true" type="str" verify="true"><![CDATA[Власть и Общество/Политика]]></category>
  <source auto="true" type="str" verify="true"><![CDATA[https://www.infox.ru//news/283/social/rupolitics/219018-v-tulskom-oblizbirkome-otkroetsa-goracaa-linia-dla-naselenia]]></source>
  <text auto="true" type="str" verify="true"><![CDATA[
В Туле прошло заседание избиркома области, где рассмотрели свыше 20 вопросов.
Для создания открытости в работе избиркомов члены облизбиркома решили применять в ходе проведения осенних выборов приборы видеоконтроля на избирательных участках 29 территориальных избиркомов.
Также решено организовать горячую линию, которая будет функционировать в период с 14 июня по 10 сентября по номеру: 30-69-94. В день выборов на линию можнно будет позвонить с 7.00 до 0.00.
Консультировать горожан будут члены областного избиркома, обладающие правом решающего голоса, работники комиссии и участники Молодежного избиркома тульского региона.
]]></text>
</doc>
