<?xml version='1.0' encoding='UTF-8'?>
<doc>
  <title auto="true" type="str" verify="true"><![CDATA[Гостей и жителей Сочи приглашают на международную выставку кукол и мишек Тэдди]]></title>
  <category auto="true" type="str" verify="true"><![CDATA[Власть и Общество/Общество]]></category>
  <source auto="true" type="str" verify="true"><![CDATA[https://www.infox.ru//news/289/social/society/219429-gostej-i-zitelej-soci-priglasaut-na-mezdunarodnuu-vystavku-kukol-i-misek-teddi]]></source>
  <text auto="true" type="str" verify="true"><![CDATA[
С 25 по 28 июня в выставочном зале отеля «Имеретинский» пройдет международная выставка авторской игрушки. Свои работы представят мастера по изготовлению кукол и мишек Тэдди из Украины, России, Белоруссии, Эстонии, Германии и Голандии.
Авторские игрушки представят почти 50 мастеров. Посетители выставки смогут забрать куклу или мишку Тэдди к себе домой, приняв участие в благотворительной акции. Чтобы поучаствовать в розыгрыше, необходимо купить билет за 300 рублей. Все собранные средства перечислят в фонд «Линия жизни», который помогает детям с тяжелыми заболеваниями.
- Создание авторской игрушки в последние годы набрало огромную популярность. Выставки проходят в крупных городах по всему миру. Мы решили познакомить с авторской игрушкой сочинцев и гостей курорта. Ведь авторская кукла, это не просто игрушки, которые все когда-то шили на уроках труда, а настоящее искусство, - рассказала организатор выставки Людмила Колесова.
]]></text>
</doc>
