<?xml version='1.0' encoding='UTF-8'?>
<doc>
  <title auto="true" type="str" verify="true"><![CDATA[В ходе акции «Белый цветок»  собрали помощь для пяти юных туляков]]></title>
  <category auto="true" type="str" verify="true"><![CDATA[Власть и Общество/Общество]]></category>
  <source auto="true" type="str" verify="true"><![CDATA[https://www.infox.ru//news/29/social/society/218762-v-hode-akcii-belyj-cvetok-sobrali-pomos-dla-pati-unyh-tulakov]]></source>
  <text auto="true" type="str" verify="true"><![CDATA[
В Туле в ходе акции «Белый цветок» собрали денег на помощь для пяти юных жителей города.
Благотворительная акция прошла в Тульском кремле. В ходе нее горожане могли купить цветок за 10 рублей или игрушку – за 100.
Все товары – ручной работы. Их изготовили общественные организации, детские кружки и неравнодушные предприниматели.
Акция проходит в Туле уже четвертый год подряд. Правительство области на празднике представляла вице-премьер Ольга Гремякова. Она передала взнос от губернатора Алексея Дюмина и зачитала его приветственный адрес. В своем обращении глава региона назвал мероприятие «настоящим праздником добра и милосердия».
Год назад было собрано более 2 млн рублей благотворительных взносов, из них 50% – от продаж на ярмарке. Средства были направлены на покупку дорогих лекарств для восьми юных туляков.
Директор ассоциации благотворителей «Белый цветок» Михаил Косачев отметил роль мероприятия в воспитании подрастающего поколения.
]]></text>
</doc>
