<?xml version='1.0' encoding='UTF-8'?>
<doc>
  <title auto="true" type="str" verify="true"><![CDATA[В Туле прошла акция «Свеча памяти»]]></title>
  <category auto="true" type="str" verify="true"><![CDATA[Власть и Общество/Общество]]></category>
  <source auto="true" type="str" verify="true"><![CDATA[https://www.infox.ru//news/29/social/society/219417-v-tule-prosla-akcia-sveca-pamati]]></source>
  <text auto="true" type="str" verify="true"><![CDATA[
Накануне Дня памяти и скорби, который отмечается 22 июня, на тульском Чулковском кладбище жители близлежащих районов и ветераны почтили память погибших солдат.
На северной окраине кладбища расположены могилы военных, скончавшихся в госпиталях от полученных ран. Там возведен мемориал «Могила неизвестного солдата».
Собравшиеся возложили венки и цветы, а также установили лампадки со свечками. В траурной акции «Свеча памяти» приняли участие и гендиректор ИА «Тульские новости» Андрей Мазов.
В других районах Большой Тулы в преддверии Дня памяти и скорби также состоялись траурные мероприятия.
Например, в Рождественском у обелиска погибшим воинам собрались учащиеся центра образования No49, представители горадминистрации и Тульской областной Думы.
Почетным гостем мероприятия стал ветеран Великой Отечественной войны Олег Либаков. Он отметил, что подобные макие мероприятия нужны, чтобы россияне вечно «помнили об этом страшном дне».
Учащиеся прочитали стихи о войне и почтили память погибших минутой молчания, после чего возложили на обелиск цветы.
]]></text>
</doc>
