<?xml version='1.0' encoding='UTF-8'?>
<doc>
  <title auto="true" type="str" verify="true"><![CDATA[Известный винный дом проведет в уральской столице летний фестиваль]]></title>
  <category auto="true" type="str" verify="true"><![CDATA[LIfeStyle/Хобби и развлечения]]></category>
  <source auto="true" type="str" verify="true"><![CDATA[https://www.infox.ru//news/289/lifestyle/hobby/219454-izvestnyj-vinnyj-dom-provedet-v-uralskoj-stolice-letnij-festival]]></source>
  <text auto="true" type="str" verify="true"><![CDATA[
В уральской столице состоится фестиваль «Пикник Абрау», организуемый винным домом Абрау-Дюрсо.
Мероприятие состоится 27 июля. В этот день в Екатеринбурге можно посетить специально открытые авторские арт-рестораны, различные тематические зоны.
На фестивале будут работать интересные и разнообразные по тематике площадки: #ЯБРУТАЛ, #ПОМОРЯМ, #КРЕАТИВТУТ.
Любителям активного отдыха понравится направление #ВДВИЖЕНИИ, где будут проходить различные по тематике спортивные мастер-классы, от йоги до парусного спорта, любителей головоломок порадует тематическая зона #КВЕСТ. Организаторы не забыли и про детей, для которых будет создана специальная зона #ABRAUJUNIOR.
Фестиваль «Пикник Абрау» также будет проходить 29 и 30 июня в Абрау-Дюрсо, а 24 августа - в Санкт-Петербурге.
]]></text>
</doc>
