<?xml version='1.0' encoding='UTF-8'?>
<doc>
  <title auto="true" type="str" verify="true"><![CDATA[«Запрятать «больные места» под секретность»: почему засекретили информацию о российских спутниках]]></title>
  <category auto="true" type="str" verify="true"><![CDATA[Власть и Общество/Общество]]></category>
  <source auto="true" type="str" verify="true"><![CDATA[https://www.infox.ru//news/283/social/society/219070-zapratat-bolnye-mesta-pod-sekretnost-pocemu-zasekretili-informaciu-o-rossijskih-sputnikah]]></source>
  <text auto="true" type="str" verify="true"><![CDATA[
Глава «Роскосмоса» Рогозин издал распоряжение, которым отнес все данные об орбитальной группе спутников к категории «ДСП» (для служебного пользования), рассказали источники в ракетно-космической отрасли.
Сообщается, что это касается технической информации, включая запуски и состояние спутников. Об этом рассказал один из источников, передает РИА Новости. Второй источник сообщил, что запрет касается передачи и распространения любых таких данных.
Оба источника отметили, что приказ выпущен 4 марта, но до сих пор доводится до подразделений космической отрасли. Также пресс-службам предприятий отныне запрещено передавать СМИ не согласованнею с «Роскосмосом» данные о запусках и техническом состоянии летательных аппаратов.
Роскосмос управляет лишь аппаратами двойного и гражданского назначения. Военными управляют ВКС РФ.
Только с разрешения Рогозина: в Роскосмосе ужесточили правила выезда за рубеж
Таким образом, эти данные должны стать секретными для общества. По мнению автором телеграм-канала «СерпомПо», этот указ был издан потому что состояние дел в космической отрасли РФ издавно стало предметом критики и насмешек.
Данное решение вполне в духе российского руководства — не сообщать правду о трудностях, не заниматься поиском решений, а спрятать «больные места» под секретность, чтобы там все и погнило без критики общества.
Стоит отметить, что документ датирован 4 марта, но его до сих пор доводят до структурных подразделений. Это просто космическая скорость — черепашья, иронизируют авторы канала. Всюду наблюдается развал. Даже с документом ознакомить сотрудников не могут вовремя, пишет «СерпомПо».
]]></text>
</doc>
