<?xml version='1.0' encoding='UTF-8'?>
<doc>
  <title auto="true" type="str" verify="true"><![CDATA[Мусорные контейнеры на улицах Тулы начнут мыть]]></title>
  <category auto="true" type="str" verify="true"><![CDATA[Экономика и бизнес/Компании]]></category>
  <source auto="true" type="str" verify="true"><![CDATA[https://www.infox.ru//news/251/economy/company/219281-musornye-kontejnery-na-ulicah-tuly-nacnut-myt]]></source>
  <text auto="true" type="str" verify="true"><![CDATA[
В Туле с 19 июня начали регулярно проводить мойку и дезинфекцию мусорных контейнеров на придворовых площадках.
Для осуществления мойки контейнеров компания «Хартия», выступающая единым региональным оператором по обращению с ТКО в Тульской области, закупила специальную технику.
Машины оборудованы моечными камерами и цистернами на 3 тысячи литров. Дезинфицирующего раствора хватает на 40-50 контейнеров. Вначале контейнер опустошается, а затем помещается в камеру. Процесс очистки занимает несколько минут. Отработанный раствор скапливается в отдельном баке, устанавливаемом на автомобилях. Его потом сливают в канализацию.
В день новые машины способны отмыть до 200 контейнеров. Как обещает регоператор, контейнеры будут мыть раз в десять дней. Это позволит соблюдать санитарные нормы на контейнерных площадках и во многом избавиться от неприятного запаха.
Контролировать своевременную мойку контейнеров смогут сами жители. В случае нарушения графика можно обратиться с жалобой на горячую линию регоператора.
]]></text>
</doc>
