<?xml version='1.0' encoding='UTF-8'?>
<doc>
  <title auto="true" type="str" verify="true"><![CDATA[Новый глава комитета по управлению имуществом назначен в Сургуте]]></title>
  <category auto="true" type="str" verify="true"><![CDATA[Власть и Общество/Политика]]></category>
  <source auto="true" type="str" verify="true"><![CDATA[https://www.infox.ru//news/289/social/rupolitics/219348-novyj-glava-komiteta-po-upravleniu-imusestvom-naznacen-v-surgute]]></source>
  <text auto="true" type="str" verify="true"><![CDATA[
Елена Фищук назначена на должность председателя комитета по управлению имуществом в администрации Сургута. Известно, что ранее чиновница работала начальником управления и развития предпринимательства.
Информацию об этом сообщили в пресс-службе администрации города. Ранее пост занимал Сергей Пешков. Он уволился с должности 17 июня. После этого исполняющим обязанности председателя комитета по управлению имуществом был назначен его заместитель – Виталий Волошин. Чиновника прочили на высокий пост. Однако предпочтение было отдано Елене Фищук. В ближайшее время она приступит к выполнению своих должностных обязанностей.
Незадолго до назначения Елены Фищук из администрации Сургута уволилась заместитель главы города Наталья Алешкова. Напомним, что она недавно была восстановлена в должности по решению суда. Однако ее последним рабочим днем в мэрии стало 18 июня.
]]></text>
</doc>
