<?xml version='1.0' encoding='UTF-8'?>
<doc>
  <title auto="true" type="str" verify="true"><![CDATA[В Ханты-Мансийске появился на свет 100-тысячный житель]]></title>
  <category auto="true" type="str" verify="true"><![CDATA[Власть и Общество/Общество]]></category>
  <source auto="true" type="str" verify="true"><![CDATA[https://www.infox.ru//news/289/social/society/219207-v-hanty-mansijske-poavilsa-na-svet-100-tysacnyj-zitel]]></source>
  <text auto="true" type="str" verify="true"><![CDATA[
Малышка по имени Ксения, родившаяся в семье Сергея и Марины Натепровых, стала 100-тысячным жителем Ханты-Мансийска. На днях в столице Югры отметили день рождения девочки.
Ханты-Мансийск стал четвертым по счету городом в Югре, где был преодолен этот значимый рубеж. Глава окружной столицы Максим Ряшин считает, что это событие ставит перед властями новые задачи. Одной из них является обеспечение комфортного проживания каждого местного жителя.
— Мы должны сохранить положение, при котором развивающийся такими быстрыми темпами город сохранит позиции одного из самых экологически чистых, безопасных, удобных и привлекательных для проживания и посещения туристами мест, — прокомментировал мэр окружной столицы.
Как призналась мама 100-тысячного жителя столицы ХМАО, она родилась и всю жизнь живет в этом городе. Женщина надеется, что и ее дочери здесь будет хорошо.
]]></text>
</doc>
