<?xml version='1.0' encoding='UTF-8'?>
<doc>
  <title auto="true" type="str" verify="true"><![CDATA[В Краснодарском крае два человека выиграли в гослото более 16 млн рублей]]></title>
  <category auto="true" type="str" verify="true"><![CDATA[Власть и Общество/Общество]]></category>
  <source auto="true" type="str" verify="true"><![CDATA[https://www.infox.ru//news/289/social/society/219106-v-krasnodarskom-krae-dva-celoveka-vyigrali-v-gosloto-bolee-16-mln-rublej]]></source>
  <text auto="true" type="str" verify="true"><![CDATA[
За последнюю неделю сразу два счастливчика стали новыми лотерейными миллионерами. Общая сумма выигранных ими денег составила более 16 миллионов рублей.
По данным пресс-службы государственной лотереи «Столото», первым обладателем огромной суммы денег стал один из жителей Краснодарского края во вторник, 11 июня. Ему удалось выиграть 5 480 112 рублей. Через несколько дней – в субботу, 15 июня – успех своего земляка повторил еще один краснодарец. Однако сумма его джекпота выросла в несколько раз!
Жителю Кубани удалось сорвать куш в 11 484 048 рублей. Эта сумма оказалась в кармане счастливчика после того, как он угадал все числа билета в лотерее гослото «5 из 36». Пока имена победителей не раскрываются, также неизвестно, на что они потратят огромные суммы денег.
]]></text>
</doc>
