<?xml version='1.0' encoding='UTF-8'?>
<doc>
  <title auto="true" type="str" verify="true"><![CDATA[В Туле мужчина разгуливал около ТЦ с автоматом]]></title>
  <category auto="true" type="str" verify="true"><![CDATA[Власть и Общество/Общество]]></category>
  <source auto="true" type="str" verify="true"><![CDATA[https://www.infox.ru//news/283/social/society/218766-v-tule-muzcina-razgulival-okolo-tc-s-avtomatom]]></source>
  <text auto="true" type="str" verify="true"><![CDATA[
В Туле мужчина прогуливался у торгового центра с автоматом.
Кадры, на которых он запечатлен, выложили пользователи соцсетей. Но в ходе проверки обнаружилось, что автомат был игрушечным.
Личность мужчины удалось установить. Он прописан в российской столице. Мужчина держал детский автомат, который применяется в страйкболе.
Сейчас правоохранители проводят проверку, по итогам которой будет приниматься процессуальное решение, рассказали в УМВД России по Тульской области.
]]></text>
</doc>
