<?xml version='1.0' encoding='UTF-8'?>
<doc>
  <title auto="true" type="str" verify="true"><![CDATA[В Краснодаре на ТЭЦ начались профилактические работы]]></title>
  <category auto="true" type="str" verify="true"><![CDATA[Власть и Общество/Общество]]></category>
  <source auto="true" type="str" verify="true"><![CDATA[https://www.infox.ru//news/289/social/society/219099-v-krasnodare-na-tec-nacalis-profilakticeskie-raboty]]></source>
  <text auto="true" type="str" verify="true"><![CDATA[
С понедельника, 17 июня, на крупнейшем теплоэнергетическом предприятии Краснодара начались плановые ремонтные работы. Они продлятся две недели.
В течение этого времени оборудование будет приведено в порядок. Из-за ремонтных работ подача горячей воды будет ограничена в микрорайонах Комсомольский, Черемушки и Гидростроителей, а также в центральную часть города.
Вместе с этим поставщики тепла АО «Краснодартеплосеть» и филиал АО «АТЭК» «Краснодартеплоэнерго» начали ремонт и перекладку некоторых участков тепловой магистрали от ТЭЦ в ряд городских микрорайонов.
Данные работы необходимо провести летом в предельно сжатые сроки для обеспечения качественным теплоснабжением домов и социальных учреждений в осенне-зимний период, отметил глава города Евгений Первышов.
]]></text>
</doc>
