<?xml version='1.0' encoding='UTF-8'?>
<doc>
  <title auto="true" type="str" verify="true"><![CDATA[Почему Россия - самое агрессивное общество в Европе - психолог]]></title>
  <category auto="true" type="str" verify="true"><![CDATA[Власть и Общество/Общество]]></category>
  <source auto="true" type="str" verify="true"><![CDATA[https://www.infox.ru//news/283/social/society/219085-pocemu-rossia-samoe-agressivnoe-obsestvo-v-evrope-psiholog]]></source>
  <text auto="true" type="str" verify="true"><![CDATA[
Психолог Сергей Ениколопов рассказал, что повышенный уровень агрессии наблюдается не только в РФ: после развала нравственных устоев во время Второй мировой, сексуальной революции 60-х, информационной революции 2000-х люди всего мира пребывают в состоянии «морального бездорожья».
Если ранее общества существовали по четким этическим правилам, зачастую религиозным, и человек с малых лет усваивал готовые понятия о том, «что такое хорошо и что такое плохо», сейчас он находится в совершенно другой ситуации: прежние духовные принципы потеряли ценность, и каждый сам стал выбирать свою дорогу.
А это непростая задача, к решению которой, при снижении авторитета родителей, школы готов далеко не каждый. По информации Института психологии РАН, по показателю агрессии российские граждане заняли 1 место в Европе.
Отвечая на вопрос о том, повышает ли уровень агрессии раскол в обществе на богатых и бедных, психолог ответил, что прямой зависимости нет и «все ненавидят всех». Легко понять, по какой причине бедняки не любят богатых, но почему богатые не только ненавидят бедняков, которые кажутся им опасными, но и также негативно относятся к богатым внутри собственной социальной группы, сложно объяснить.
Утрачены социальные связи, взаимная удовлетворенность стратами, российский социум все более индивидуализируется, атомизируется. При этом также стоит отметить, что за последнее тридцатилетие произошел раскол: кто-то разбогател, а кто-то обеднел. При этом бедным сложно понять, за что им любить «сидящих на трубе» богатых.
Люди перестают видеть перспективы завтрашнего дня - Шлосберг
По словам психолога, очень важно, в каком состоянии находится социум — оптимизма либо пессимизма. Во время 60-х годов, несмотря на то что условия жизни не были легкими, в СССР была атмосфера социального оптимизма: если граждане еще не получали новое жилье, то были знакомы с теми, кто уже получил.
По словам Ениколопова, всякий раскол способствует росту агрессии. Я «не», мне что-то угрожает — поэтому появляется желание агрессивно повести себя. А если еще и по ТВ показывают, как силовики разгоняют протестующих, то появляется чувство, что лишь сильные и агрессивные нормально чувствуют себя в данном социуме, отмечает психолог.
По его словам, власти на руку рост агрессии в обществе. Если граждане видят во всех врагов, они не смогут объединится и не свергнут власть.
]]></text>
</doc>
