<?xml version='1.0' encoding='UTF-8'?>
<doc>
  <title auto="true" type="str" verify="true"><![CDATA[Губернатор Краснодарского края оценил состояние дорог, ведущих к морю]]></title>
  <category auto="true" type="str" verify="true"><![CDATA[Власть и Общество/Общество]]></category>
  <source auto="true" type="str" verify="true"><![CDATA[https://www.infox.ru//news/250/social/society/218913-gubernator-krasnodarskogo-kraa-ocenil-sostoanie-dorog-vedusih-k-moru]]></source>
  <text auto="true" type="str" verify="true"><![CDATA[
В целом дорога нареканий не вызывает и готова к летнему курортному сезону, отметил Вениамин Кондратьев.
Вместе с заместителем Анатолием Вороновским и представителями федеральных дорожных компаний глава региона проинспектировал трассу от Геленджика до Новороссийска.
«Это современная комфортная трасса, но нужно учитывать тот момент, что без развязок на въездах в города и выездах мы опять упремся в пробку. Эти проблемы мы должны расшивать поэтапно, строить новые развязки», – подчеркнул Вениамин Кондратьев.
Уже выделены средства на строительство развязки в районе аэропорта Геленджика и села Дивноморское, работы начнутся уже в этом году. Готовится проектная документация транспортной развязки на въезде в Кабардинку.
Также губернатор осмотрел новый участок дороги в Новороссийске в районе Сухумского шоссе. Открытие объекта позволит разгрузить въезд в город, разделив транзитный транспорт и большегрузы, направляющиеся в порт. Работы планируется полностью завершить к концу июля.
]]></text>
</doc>
