<?xml version='1.0' encoding='UTF-8'?>
<doc>
  <title auto="true" type="str" verify="true"><![CDATA[В Краснодарском крае рост промышленного производства составил 4,2%]]></title>
  <category auto="true" type="str" verify="true"><![CDATA[Экономика и бизнес/Компании]]></category>
  <source auto="true" type="str" verify="true"><![CDATA[https://www.infox.ru//news/289/economy/company/219430-v-krasnodarskom-krae-rost-promyslennogo-proizvodstva-sostavil-42]]></source>
  <text auto="true" type="str" verify="true"><![CDATA[
Краснодарстат сообщил о росте промышленного производства в регионе. В январе-мае 2019 года он, по сравнению с аналогичным периодом прошлого года, составил 4,2%.
Рост добычи полезных ископаемых держался на уровне 9,2%. Что касается добычи природного газа и нефти, то здесь прослеживается отрицательная динамика: падение на 2,4% и 9,4% соответственно. На 7,3% увеличилась добыча гипса, ПГС – в 1,5 раза. Краснодарстат также сообщил о росте производства в обрабатывающей промышленности. Он составил 4,7%. Снижение произошло в производстве пищевых продуктов – на 11,3%.
Аналитики установили, что в пищевой промышленности стали больше производить вареных колбас, мясных консервов, сливочного масла и сыров. Меньше – мяса птицы, крупы, кондитерских изделий и растительных масел. В обрабатывающей промышленности стало больше минеральных удобрений, промышленных газов – кислорода и аргона, а также товарного бетона.
]]></text>
</doc>
