<?xml version='1.0' encoding='UTF-8'?>
<doc>
  <title auto="true" type="str" verify="true"><![CDATA[В Салехарде строят храмовый комплекс в неовизантийском стиле]]></title>
  <category auto="true" type="str" verify="true"><![CDATA[Власть и Общество/Общество]]></category>
  <source auto="true" type="str" verify="true"><![CDATA[https://www.infox.ru//news/289/social/society/219447-v-saleharde-stroat-hramovyj-kompleks-v-neovizantijskom-stile]]></source>
  <text auto="true" type="str" verify="true"><![CDATA[
В столице Ямало-Ненецкого округа, города Салехарде продолжается строительство храма Преображения Господня.
Сейчас строители работают над верхним храмом. Стилистка всего комплекса будет выполнена в неовизантийском стиле. Общая концепция оформления определена с благословения архиепископа Салехардского и Ново-Уренгойского Николая.
По словам генерального директора подрядной организации Игоря Тура, храмовый комплекс в Салехарде станет уникальным сооружением, «жемчужиной и основой православия в Арктике».
Работы по возведения храма продолжаются в плановом режиме, непогода никак не отразилась на графике. Предполагается, что уже в следующем году начнется благоустройство всего Храмового комплекса.
]]></text>
</doc>
