<?xml version='1.0' encoding='UTF-8'?>
<doc>
  <title auto="true" type="str" verify="true"><![CDATA[Реку Дон в Тульской области очистят от мусора]]></title>
  <category auto="true" type="str" verify="true"><![CDATA[Власть и Общество/Общество]]></category>
  <source auto="true" type="str" verify="true"><![CDATA[https://www.infox.ru//news/283/social/society/219440-reku-don-v-tulskoj-oblasti-ocistat-ot-musora]]></source>
  <text auto="true" type="str" verify="true"><![CDATA[
Министр экологии Тульской области Панфилов на «прямой линии» с гражданами рассказал о планах по очищению русла Дона от скопившегося хлама.
Тулячка спросила Панфилова, в каком состоянии находится водоем. Глава ведомства сообщил, что в рамках реализации госпрограммы «Экология» берега и акватории больших озер и рек планируется очистить от мусорных отходов.
Дон находится в этом списке. Реку должны очистить от бытовых отходов и остатков деревьев. Работы запланировано произвести до 2024 года.
]]></text>
</doc>
