<?xml version='1.0' encoding='UTF-8'?>
<doc>
  <title auto="true" type="str" verify="true"><![CDATA[В Туле вручили «Императорскую корону России»]]></title>
  <category auto="true" type="str" verify="true"><![CDATA[Власть и Общество/Общество]]></category>
  <source auto="true" type="str" verify="true"><![CDATA[https://www.infox.ru//news/283/social/society/218833-v-tule-vrucili-imperatorskuu-koronu-rossii]]></source>
  <text auto="true" type="str" verify="true"><![CDATA[
В Туле впервые состоялся конкурс красоты и талантов «Императорская корона Тулы» под эгидой общероссийского соревнования «Императорская корона России», стартовавшего в российской столице и Петербурге. 
Данное мероприятие собрало множество звезд отечественной эстрады и шоу-бизнеса. За приз боролись 14 жительниц Тулы.
Приз конкурса вручают не только за красивую внешность, но и за творческие задатки, активную жизненную позицию и качества характера.
Претенденток оценивало жюри, членами которого были стилист Сергей Зверев, пародист Александр Песков и прочие. В ходе вечера прошел концерт с участием многих звезд.
«Императорскую корону Тулы» стилист Зверев вручил Марии Войтенко. Это женщина занимается бизнесом, она состоит в браке и имеет детей. Теперь она и прочие участницы соревнования представят Тулу на конкурсах и благотворительных мероприятиях по всей РФ.
Полученные в результате проведения конкурса деньги направят в областной дом ребенка № 1 города Тулы.
]]></text>
</doc>
