<?xml version='1.0' encoding='UTF-8'?>
<doc>
  <title auto="true" type="str" verify="true"><![CDATA[Всемирный банк: 60% россиян не могут оплачивать свои кредиты]]></title>
  <category auto="true" type="str" verify="true"><![CDATA[Экономика и бизнес/Финансы]]></category>
  <source auto="true" type="str" verify="true"><![CDATA[https://www.infox.ru//news/282/economy/finance/218802-vsemirnyj-bank-60-rossian-ne-mogut-oplacivat-svoi-kredity]]></source>
  <text auto="true" type="str" verify="true"><![CDATA[
Сложности с оплатой займов испытывают более половины российских семей, имеющих их.
К таким выводам пришли специалисты Всемирного банка и Роспотребнадзора. Результаты совместного опроса представили финансовому омбудсмену России и сотрудникам Центробанка РФ, сообщает РБК.
Исследование прошло в 2018-2019 гг. Оно затронуло более 4 тысяч человек, проживающих в 16 российских регионах, включая обе столицы. Аналитики интересовались тем, насколько тяжело семьям в РФ оплачивать имеющиеся займы.
Оказалось, что среди заемщиков 9% семей имеют просрочку по выплатам, 10% реструктурировали или продляли кредиты, а также получали отказы от банковских организаций в выдаче займов. 14% сообщили о сложностях с оплатой процентов. Более 25% семей признались в том, что на оплату займов, коммуслуг и ежедневных потребностей тратят свыше 75% семейных доходов. Только 41% сообщил об отсутствии трудностей с оплатой взятых кредитов.
Граждане, которые брали займы в микрофинансовых организациях (МФО), оказались в более плохом положении. Среди них о сложностях с оплатой заявили 35%, говорится в исследовании.
Выдача кредитов наличными в России зашкаливает
Самым популярным среди россиян оказался потребкредит. 25% семей с доходом от 70 тысяч рублей чаще всего брали займы для приобретения мебели и бытовой техники. Второе по популярности место занял ипотечный кредит. При этом менее обеспеченные рассказали о кредитах на ежедневные траты. Брать в долг у банков пришлось 45% семей с доходом до 30 тысяч рублей.
Самое сложное положение оказалось у граждан, имеющих кредиты и в банках, и в МФО. Почти 50% таких семей сообщили, что им приходится экономить на продуктах для обеспечения обязательных платежей. Более 30% семей кредитовались только в МФО.
В целом исследование показало, что 55% заемщиков в России находятся в уязвимом положении из-за повышенной закредитованности. Судя по финансовому положению 29% респондентов не стоит давать кредиты уже сейчас. Еще 26% Всемирный банк назвал слабыми: падение доходов или перемены в макроэкономической ситуации ударят по их возможностям оплачивать займы.
]]></text>
</doc>
