<?xml version='1.0' encoding='UTF-8'?>
<doc>
  <title auto="true" type="str" verify="true"><![CDATA[Подземные переходы Тулы оборудуют подъемниками для инвалидов]]></title>
  <category auto="true" type="str" verify="true"><![CDATA[Власть и Общество/Общество]]></category>
  <source auto="true" type="str" verify="true"><![CDATA[https://www.infox.ru//news/283/social/society/219112-podzemnye-perehody-tuly-oboruduut-podemnikami-dla-invalidov]]></source>
  <text auto="true" type="str" verify="true"><![CDATA[
Около 2,4 млн рублей истратят на установку в 4-х подземных переходах Тулы электрических подъемников.
Об этом сообщили на совещании регионального правительства. Первый замглавы тульской администрации Галкин сообщил, что обустроить переходы города безопасными пандусами невозможно — этому мешает наклон лестниц.
По словам Галкина, в ходе встречи с инвалидами было принято решение установить во всех подземных переходах электрические подъемники.
Глава Тульской области Дюмин указал установить подъемники в 3-х переходах до окончания текущего года.
]]></text>
</doc>
