<?xml version='1.0' encoding='UTF-8'?>
<doc>
  <title auto="true" type="str" verify="true"><![CDATA[В Свердловской области появится музей уральской иконы]]></title>
  <category auto="true" type="str" verify="true"><![CDATA[Власть и Общество/Общество]]></category>
  <source auto="true" type="str" verify="true"><![CDATA[https://www.infox.ru//news/289/social/society/219451-v-sverdlovskoj-oblasti-poavitsa-muzej-uralskoj-ikony]]></source>
  <text auto="true" type="str" verify="true"><![CDATA[
В городе Невьянска в Свердловской области через два года появится музей уральской иконы, сообщи вице-губернатор Павел Креков.
Музей планируют открыть в отреставрированном здании в центре города. Предполагается, что здесь будут выставлены не только образцы невьянской иконы, но других иконописных школ.
«Я думаю, нам удастся открыть такой музей, заявил вице-губернатор. По словам Крекова, сейчас идет проработка проектно-сметной документации, поэтому сейчас рано говорить о финансировании проекта. Однако учитывая тот факт, что предстоит отреставрировать одно из исторических зданий в центре, это будет достаточно дорогостоящий объект, отметил вице-губернатор.
По словам вице-мэра Невьянска Станислава Делидова, речь идет о доме купца Мередина, построенном в XVIII веке.
]]></text>
</doc>
