<?xml version='1.0' encoding='UTF-8'?>
<doc>
  <title auto="true" type="str" verify="true"><![CDATA[Вартовчане выйдут на масштабную памятную акцию]]></title>
  <category auto="true" type="str" verify="true"><![CDATA[Власть и Общество/Общество]]></category>
  <source auto="true" type="str" verify="true"><![CDATA[https://www.infox.ru//news/289/social/society/219353-vartovcane-vyjdut-na-masstabnuu-pamatnuu-akciu]]></source>
  <text auto="true" type="str" verify="true"><![CDATA[
В субботу, 22 июня, в Нижневартовске состоится масштабная акция памяти. В этот день вартовчане вспомнят тех, кто погиб в годы Великой Отечественной войны.
Присоединиться к акции сможет каждый желающий вне зависимости от своего местонахождения. Горожане зажгут свечу ранним утром – в 6:00. Они это сделают в знак уважения и благодарности воинам, подарившим им мирное небо над головой.
Информация о памятной дате будет озвучена в 11 часов утра через систему оповещения. После этого сирены сработают несколько раз. Одновременно красным загорятся светофоры, расположенные на улицах Ленина, 60 лет Октября и Мира.
В то же время у мемориала «Воинам-землякам, погибшим в годы Великой Отечественной войны 1941-1945 г.г.» в парке Победы состоится митинг памяти и возложение цветов.
]]></text>
</doc>
