<?xml version='1.0' encoding='UTF-8'?>
<doc>
  <title auto="true" type="str" verify="true"><![CDATA[На авиашоу в Туле покажут Су-57 и самолет начала ХХ века]]></title>
  <category auto="true" type="str" verify="true"><![CDATA[Власть и Общество/Общество]]></category>
  <source auto="true" type="str" verify="true"><![CDATA[https://www.infox.ru//news/282/social/society/219226-na-aviasou-v-tule-pokazut-su-57-i-samolet-nacala-hh-veka]]></source>
  <text auto="true" type="str" verify="true"><![CDATA[
Шоу управляемых радиомоделей состоится на тульском аэродроме «Клоково».
Ежегодное авиашоу «Тульские крылья» стартует в субботу, 23 июня, в 11:00, сообщает «Первый Тульский».
Гости праздника увидят демонстрационный полет уникальной радиоуправляемой модели отечественного истребителя СУ-57. Она является единственной в мире. Модель оснащена двумя реактивными двигателями. Размах ее крыльев составляет 2,8 метра. За штурвалом Су-57 будет находиться многократный чемпион России и мира по авиамодельному спорту Виталий Робертус.
Зрителям также представят модель самолета «Илья Муромец», которая также является единственной в мире. Она полностью повторяет конструкцию оригинала начала ХХ века. Модель создали с помощью технологий, которые были доступны авиастроителям того времени. Размах ее крыльев составляет 6 метров. «Ильей Муромцем» будет управлять автор модели Андрей Федоренко.
В летной программе заявлены фигуры высшего пилотажа, воздушная акробатика, пиротехническое шоу.
]]></text>
</doc>
