<?xml version='1.0' encoding='UTF-8'?>
<doc>
  <title auto="true" type="str" verify="true"><![CDATA[В Сочи изменится схема движения автобуса №3]]></title>
  <category auto="true" type="str" verify="true"><![CDATA[Власть и Общество/Общество]]></category>
  <source auto="true" type="str" verify="true"><![CDATA[https://www.infox.ru//news/289/social/society/219108-v-soci-izmenitsa-shema-dvizenia-avtobusa-no3]]></source>
  <text auto="true" type="str" verify="true"><![CDATA[
Со вторника, 18 июня, маршрут №3 изменит свою схему движения. Это произойдет после смены перевозчика.
Как сообщают в пресс-службе города-курорта, маршрут №3 будет обслуживаться новой компанией-перевозчиком по результатам прошедшего конкурса. В соответствии с новой схемой движения, автобусы будут следовать от остановки «Д/с №44», которая расположена на улице Вишневой, затем – по улице Макаренко, потом – через железнодорожный вокзал «Мацеста» и до улицы Аллея Челтенхэма (остановка «Старая Мацеста».
– Маршрут будут обслуживать автобусы средней вместимости ПАЗ Вектор Next. В салонах установлены камеры видеонаблюдения, электронные табло и автоинформаторы для объявления текущей и следующей остановки. Для удобства пассажиров проезд можно будет оплатить бесконтактной банковской картой, – сообщает пресс-служба Сочи.
]]></text>
</doc>
