<?xml version='1.0' encoding='UTF-8'?>
<doc>
  <title auto="true" type="str" verify="true"><![CDATA[Путин напрямую: онлайн]]></title>
  <category auto="true" type="str" verify="true"><![CDATA[Власть и Общество/Политика]]></category>
  <source auto="true" type="str" verify="true"><![CDATA[https://www.infox.ru//news/29/social/rupolitics/219289-putin-napramuu-onlajn]]></source>
  <text auto="true" type="str" verify="true"><![CDATA[
Президент России Владимир Путин отвечает на вопросы своих сограждан в ходе прямой линии. Вопросов накопилось довольно много – свыше 1 млн.
Одним из первых вопросов к Путину оказался вопрос о нацпроектах. Президент заявил, что именно вокруг нацпроектов строится работа, которую ведет власть.
«Конечная цель нацпроектов – поставить экономику на новые рельсы, обеспечить безопасность государства и поднять уровень жизни людей», – отметил Путин.
Низкие зарплаты
Тем временем в регионах люди жалуются на низкие зарплаты. Путин заявил, что такие ситуации – предмет для разбирательства контролирующих инстанций.
Комментируя жалобу сотрудника МЧС на низкую з/п, президент признал, что в ведомстве сложилась не самая лучшая ситуация, однако в этом году МЧС будет выделено 4,3 млрд рублей.
Глава государства заявил, что хотя ранее реальные доходы россиян падали в течение нескольких лет, ныне они начали восстанавливаться. Что до зарплат, то на самом деле рост есть, считает Путин. По его словам, в 2017 году средняя з/п была 33,2 тыс. рублей, а в 2019-м она почти 44 тыс.
Говоря о зарплате министров и чиновников, Путин уточнил, что нельзя ее резко понижать, поскольку в ином случае власть не найдет квалифицированных кадров. При этом президент добавил, что ратует за повышение доходов рядовых работников.
Другие основные идеи
<ul><li>Мусорная реформа должна быть решена оперативно, люди не должны ждать 20 лет.</li>
<li>В том, что банки не соглашаются перейти на льготную ипотеку для многодетных семей, – ошибка кабмина.</li>
<li>Санкции несправедливы, Россия ни с кем не ссорилась. Заявления об оккупации Россией Донбасса – полная чушь.</li>
<li>Вопросы освобождения заключенных украинцев и россиян должны решаться комплексно.</li>
<li>«Чувствую ответственность за это безобразие» – о деле полковника-миллиардера Дмитрия Захарченко.</li>
<li>Борьба с коррупцией будет вестись гласно.</li>
<li>Надо на правительственном уровне принимать решения по поддержке развития технологий, касающихся нацбезопасности.</li>
<li>В уголовных делах на бизнесменов одна из проблем – это бесконечное содержание под стражей.</li>
<li>О применении статьи за преступное сообщество: под нее можно подвести совет директоров любой компании, нужны изменения в закон.</li>
<li>Правительство поручено приравнять к ветеранам боевых действий ополченцев, сражавшихся с боевиками на Северном Кавказе.</li>
<li>Никакой либерализации по статье 228 УК РФ быть не может, но нужно наладить работу правоохранительных органов.</li>
<li>В законе об оскорблении власти речь не идет о ее критике, только о борьбе с оскорблением символов государства, чтобы глумились над флагом, гербом и т. д.</li>
<li>«Проверим, как реализуется норма об упрощенном получении российского гражданства для граждан Украины».</li>
<li>«Зеленский – талантливый человек, помню его выступления в КВН, но то, что происходит сейчас на Украине – не смешно».</li>
<li>На сегодня вопрос об объединении в одно государство с Белоруссией не стоит.</li>
<li>Возвращение России в социализм в полном объеме маловероятно.</li>
<li>Ситуация с высокими ценами на авиакеросин в России должна быть немедленно исправлена.</li>
<li>Диалог всегда хорош, востребован, если американская сторона проявляет интерес – Москва готова к этому диалогу.</li>
<li>Россия сократит военные расходы в 2020 году.</li>
<li>Сделки с США по Сирии или Венесуэле не будет: «Мы не торгуем нашими союзниками, интересами и принципами».</li>
<li>Война США с Ираном стала бы катастрофой.</li>
<li>Без прямого диалога проблема с Донбассом не может быть решена эффективно.</li>
<li>У России есть своя версия по крушению малайзийского Боинга, но Москву никто не слушает.</li>
<li>Россия никогда не уклонялась от ответственности, если она лежит на ее плечах, но тут нет никаких доказательств.</li>
<li>Частные охранные компании присутствуют в Сирии, но не имеют отношения к государству, не являются участниками боевых действий.</li>
</ul>Прямая линия
Вопросы начали принимать еще 9 июня, но задать их можно будет вплоть до окончания прямой линии, которая для Путина станет уже 17-й по счету.
Накануне прямой линии ВЦИОМ рассказал об интересе россиян к мероприятию. Следить за ним намерены 75% опрошенных. При этом только 29% будут смотреть линию от начала и до конца на ТВ.
Самая длительная прямая линия пришлась на 2013 год. Тогда Путин потратил на 80 вопросов 4 часа 47 минут.
]]></text>
</doc>
