<?xml version='1.0' encoding='UTF-8'?>
<doc>
  <title auto="true" type="str" verify="true"><![CDATA[На Ямале власти выделили сельхозпредприятиям гранты на 60 млн рублей]]></title>
  <category auto="true" type="str" verify="true"><![CDATA[Экономика и бизнес/Финансы]]></category>
  <source auto="true" type="str" verify="true"><![CDATA[https://www.infox.ru//news/289/economy/finance/219446-na-amale-vlasti-vydelili-selhozpredpriatiam-granty-na-60-mln-rublej]]></source>
  <text auto="true" type="str" verify="true"><![CDATA[
Правительство Ямала выделило в качестве грантов 60 млн рублей на реализацию сельскохозяйственных проектов.
На днях в Салехарде в окружном правительстве состоялось подведение итогов регионального конкурса по распределению региональных грантов на развитие проектов аквакультуры, рыболовства и изгородного оленеводства. Эксперты отобрали пять предприятий, предложивших интересные, перспективные и важные проекты, которые и получат субсидии общей стоимостью 60 млн руб.
Всего на конкурс было подано 16 заявок, которые комиссия изучала в течение месяца. В финал вошли восемь проектов, которые надо было защитить в присутствии общественного совета при департаменте. Комиссия выбрала пять лучших.
Так, крестьянское хозяйство Владимира Слепушкина из Ямальского района и семейно-родовая община «Сядэй-Яхинская» из Тазовского района победили в направлении «изгородное оленеводство». Каждое из них получит по 15 млн руб.
Крестьянское хозяйство Александра Олейника из Салехарда , компании «Горковский рыбозавод» из Шурышкарского района и «Салехардский комбинат» стали победителями в номинации «рыбоводство, переработка и рыболовство». Александру Олейнику, реализующему проект фермы по выращиванию радужной форели, выделено 7,6 млн рублей. Горковский рыбозавод получит 8 млн рублей, чтобы создать в одном из ямальских сел цех по первичной переработке рыбы. Еще 14 млн рублей получит «Салехардский комбинат» на запуск производства рыбной муки.
]]></text>
</doc>
