<?xml version='1.0' encoding='UTF-8'?>
<doc>
  <title auto="true" type="str" verify="true"><![CDATA[Тульская прокуратура закрыла сайты о продаже неодимовых магнитов]]></title>
  <category auto="true" type="str" verify="true"><![CDATA[Экономика и бизнес/Конфликты]]></category>
  <source auto="true" type="str" verify="true"><![CDATA[https://www.infox.ru//news/251/economy/conflicts/219208-tulskaa-prokuratura-zakryla-sajty-o-prodaze-neodimovyh-magnitov]]></source>
  <text auto="true" type="str" verify="true"><![CDATA[
Тульские следователи закрыли несколько сайтов по продаже неодимовых магнитов
Прокуратура Советского района регулярно проводит мониторинг интернет-пространства с целью выявления ресурсов, занимающихся противоправной деятельностью.
В числе таковых было выявлено несколько сайтов, продающих магниты, которые способны нарушить работу счетчиков коммунальных услуг.
Российское законодательство предусматривает уголовную и административную ответственность за хищение коммунальных ресурсов. Как следствие, размещение в сети интернет информации, как это можно осуществить, а также продажа инструментария, запрещены. Работа таких сайтов способствует и подталкивает граждан к правонарушениям в сфере ЖКХ.
Прокуратура Тульской области в это связи обратилась в суд с административными исками о признании информации, размещенной на нескольких сайтах, нежелательной к распространению на территории РФ.
Суд требования прокурора удовлетворил, и теперь интернет-ресурсы будут оперативно заблокированы.
]]></text>
</doc>
