<?xml version='1.0' encoding='UTF-8'?>
<doc>
  <title auto="true" type="str" verify="true"><![CDATA[Один из крупнейших рыбзаводов Тюмени планирует открыть новое производство]]></title>
  <category auto="true" type="str" verify="true"><![CDATA[Экономика и бизнес/Компании]]></category>
  <source auto="true" type="str" verify="true"><![CDATA[https://www.infox.ru//news/289/economy/company/219075-odin-iz-krupnejsih-rybzavodov-tumeni-planiruet-otkryt-novoe-proizvodstvo]]></source>
  <text auto="true" type="str" verify="true"><![CDATA[
Тюменский завод по выращиванию рыбы «Пышма-96» намерен инвестировать 30 млн рублей в создание нового производства.
По информации регионального департамента инвестиционной политики и поддержки предпринимательства, на новой площадке будут заниматься выращиванием ремонтно-маточного стада осетра. В будущем компания планирует значительно расширить производство, в частности, заняться выпуском кормов, переработкой рыбы, организацией продажи живой рыбы, а также создать собственный научно-исследовательский центр.
В настоящее время цеха рыбзавода «Пышма – 96» занимают 120 гектаров, где ежегодно выращивается около100 тонн осетровых видов рыб. Открытие нового производства позволить увеличить воспроизводства и восстановление популяции осетра.
Предполагается, что новый цех начнет работать уже в этом году, сообщает Инвестиционное агентство Тюменской области. Через три года это позволит обеспечить рыбную промышленность качественным рыбопосадочным материалом сиговых рыб, ежегодно выращивая около 200 млн личинок, 60 млн штук молодых особей и до 180 тысяч штук десятиграммовой молоди радужной форели.
]]></text>
</doc>
