<?xml version='1.0' encoding='UTF-8'?>
<doc>
  <title auto="true" type="str" verify="true"><![CDATA[31 км дорог отремонтируют в Кургане в рамках федеральной программы]]></title>
  <category auto="true" type="str" verify="true"><![CDATA[Власть и Общество/Общество]]></category>
  <source auto="true" type="str" verify="true"><![CDATA[https://www.infox.ru//news/289/social/society/218788-315-km-dorog-otremontiruut-v-kurgane-v-ramkah-federalnoj-programmy]]></source>
  <text auto="true" type="str" verify="true"><![CDATA[
В Кургане стартовал ремонт дорог в рамках федеральной программы «Безопасные и качественные дороги». Работы начались на проспекте Маршала Голикова.
Строители приступили к ремонту участка городской магистрали, который расположен между улицей Мостостроителей и мостом через реку Черная. Сейчас работы идут полным ходом. Специалисты готовятся срезать старое дорожное покрытие, затем прокладывать новое.
На нескольких участках проспекта Маршала Голикова параллельно ведутся работы по ремонту и замене ресурсоснабжающих сетей. Известно, что вскоре здесь также появятся новые светофоры.
Строители приступили и к обновлению дороги на Шадринском тракте. Срезанный асфальт будет использоваться в микрорайонах Чистое поле и Левашово-2 для приведения в порядок грунтовых дорог.
Всего в рамках федеральной программы будет отремонтирован 31 километр курганских дорог. Стоимость работ составит 601 млн рублей.
]]></text>
</doc>
