<?xml version='1.0' encoding='UTF-8'?>
<doc>
  <title auto="true" type="str" verify="true"><![CDATA[В Краснодаре открыли бульвар Бородинский]]></title>
  <category auto="true" type="str" verify="true"><![CDATA[Власть и Общество/Общество]]></category>
  <source auto="true" type="str" verify="true"><![CDATA[https://www.infox.ru//news/289/social/society/218735-v-krasnodare-otkryli-bulvar-borodinskij]]></source>
  <text auto="true" type="str" verify="true"><![CDATA[
В пятницу, 7 июня, в столице Кубани официально открыли бульвар Бородинский. В честь этого события на центральной аллее рекреационной зоны были высажены четыре дерева.
По данным пресс-службы администрации Краснодара, протяженность бульвара составляет 560 метров. Здесь высажено более 300 лиственных и хвойных деревьев, 1,6 тысяч кустарников, 2 тысячи декоративных и многолетних злаковых культур.
На бульваре можно теперь увидеть магнолии, груши, вишни и кусты роз. Украшением зеленой зоны стали топиарии, или ландшафтные скульптуры из искусственного газона – 13 слонов, медведей, жирафов, оленей, бегемотов, носорогов и так далее подсвечены 40 точечными светильниками.
Помимо этого, на Бородинском бульваре появились скамейки и урны, выполненные в едином стиле, а также системы автоматического полива и видеонаблюдения. Важной частью бульвара стала дорожка для любителей активного отдыха – роллеров и велосипедистов.
]]></text>
</doc>
