<?xml version='1.0' encoding='UTF-8'?>
<doc>
  <title auto="true" type="str" verify="true"><![CDATA[47 лучших кубанских учителей получат денежные премии]]></title>
  <category auto="true" type="str" verify="true"><![CDATA[Власть и Общество/Общество]]></category>
  <source auto="true" type="str" verify="true"><![CDATA[https://www.infox.ru//news/289/social/society/219251-47-lucsih-kubanskih-ucitelej-polucat-deneznye-premii]]></source>
  <text auto="true" type="str" verify="true"><![CDATA[
В Краснодарском крае стали известны итоги конкурса, проходившего среди педагогов. Жюри оценивало достижения учителей в их профессиональной деятельности.
В конкурс на соискание премии подали заявки 134 учителя из всех 44-х муниципальных образований. Наиболее значимые достижения в профессиональной деятельности, по мнению жюри, были у 47 педагогов Кубани. В преддверии Дня учителя они получат по 200 тысяч рублей.
По данным регионального министерства образования, науки и молодежной политики, эксперты оценивали не только достижения учителей по организации образовательного процесса и результатам внеурочной деятельности учеников, но и использование претендентами на премию современных образовательных технологий, а также профессиональные победы. Кроме того, педагогам пришлось представить на суд жюри собственные методические системы.
]]></text>
</doc>
