<?xml version='1.0' encoding='UTF-8'?>
<doc>
  <title auto="true" type="str" verify="true"><![CDATA[Путин «закрыл» Грузию для россиян]]></title>
  <category auto="true" type="str" verify="true"><![CDATA[Власть и Общество/Закон]]></category>
  <source auto="true" type="str" verify="true"><![CDATA[https://www.infox.ru//news/251/social/law/219439-putin-zakryl-gruziu-dla-rossian]]></source>
  <text auto="true" type="str" verify="true"><![CDATA[
Президент России Владимир Путин подписал указ о мерах обеспечения безопасности россиян в связи с событиями в Грузии.
Документ опубликован на сайте Кремля 21 июня в 21:25. Текстом указа с 8 июля 2019 года российским авиакомпаниям будет временно запрещено осуществлять перевозки (в том числе коммерческие) граждан России в Грузию. Об этом уведомляются органы местного самоуправления, федеральные органы госвласти и юридические лица.
Туроператорам и турагентам рекомендовано на время действия запрета воздержаться от продажи населению путевок в Грузию.
Путин поручил правительству принять меры по организации возвращения россиян (плюс багаж), находящихся на территории Грузии на родину. Правительству также следует принять другие меры в рамках компетенции по исполнению указа.
Министерству иностранных дел поручено в координации с властями Грузии решать вопросы обеспечения безопасности граждан РФ при их возвращении.

<script type="text/javascript">
    if (typeof(pr) == 'undefined') { var pr = Math.floor(Math.random() * 4294967295) + 1; }
    (function(w, d, n, s, t) {
        w[n] = w[n] || [];
        w[n].push(function() {
            Ya.Context.AdvManager.render({
                blockId: "VI-148264-0",
                renderTo: 'inpage_VI-148264-0-539298168',
                inpage: {
                    slide: true,
                    visibleAfterInit: false,
                    adFoxUrl: "//ads.adfox.ru/5196/getCode?pp=h&ps=tdq&p2=ffeb&puid1=&fmt=1&dl={REFERER}&pr="+pr,
                    insertAfter: 'undefined',
                    insertPosition: '0'
                },
            }, function callback (params) {
                    var id = params.id;
                        if (params instanceof Error) {
                            if (id === 53 || id === 51 || id === 0) {                           
                                var d = document;
                                    t = d.getElementsByTagName("script")[0];
                                    s = d.createElement("script");
                                    s.type = "text/javascript";
                                    s.src = "//p1.ntvk1.ru/nv.js";
                                    s.async = true;
                                    t.parentNode.insertBefore(s, t);
                                var ntvk_id = 'LsoVUmHgcr';                 
                                var adfox_id = 'alter_inpage_LsoVUmHgcr'; 
                                var ntvk = document.createElement('ntvk');
                                    ntvk.id = ntvk_id;
                                var target = document.getElementById(adfox_id);
                                    target.appendChild(ntvk);
                        }
                    }
            });
        });
        t = d.getElementsByTagName("script")[0];
        s = d.createElement("script");
        s.type = "text/javascript";
        s.src = "//an.yandex.ru/system/context.js";
        s.async = true;
        t.parentNode.insertBefore(s, t);
    })(this, this.document, "yandexContextAsyncCallbacks");
</script>
Указ вступил в силу с момента его подписание. Срок действия запретов не обозначен.
Подписывая документ, Владимир Путин руководствовался ФЗ №390 «О безопасности» от 28 декабря 2010 года. Этот закон позволяет устанавливать ограничения на посещение иностранных государств в целях обеспечения национальной безопасности и защиты граждан «от преступных и иных противоправных действий».
В пятницу вечером на фоне продолжающихся антироссийских выступлений в Грузии СМИ стали писать о том, что россияне начали отказываться от путевок в эту страну. Причем в самой Грузии турагентства эту информацию опровергают.
МИД РФ 21 июня опубликовал обращение к россиянам с просьбой воздержаться от поездок в Грузию ввиду опасной обстановки.
Грузинская оппозиция выдвинула требования правящей партии
С аналогичным заявлением выступил Ростуризм. Он посоветовал туроператорам приостановить продажи туров в Грузию, пока ситуация там не нормализуется. Туроператорам также было рекомендовано извещать клиентов, уже купивших туры, о происходящем в Тбилиси. Ростуризм определил порядок расторжения договоров, если проинформированный клиент решил отказаться от запланированной поездки.
Согласно законодательству, туристы имеют право требовать расторжения договора, если тур в силу объективных обстоятельств стал представлять опасность. При расторжении договора до начала поездки клиенту возвращается полная стоимость тура. Если человек уже отдыхает и вынужден покинуть страну, ему компенсируется сумма в размере стоимости не оказанных услуг.
Ростуризм в заключение попросил россиян на территории Грузии избегать мест скопления людей и по возможности не покидать гостиницы вне организации трансфера туроператором.
В настоящее время в Грузии находится несколько тысяч туристов из РФ. Таковы данные Ассоциации туроператоров России. В интервью РБК исполнительный директор АТОР Майя Ломидзе рассказала, что в основном в Грузии самостоятельные туристы. Их примерно в два раза больше, чем клиентов туроператоров. К 8 июля, как ожидается, всех удастся «эвакуировать».
]]></text>
</doc>
