<?xml version='1.0' encoding='UTF-8'?>
<doc>
  <title auto="true" type="str" verify="true"><![CDATA[Тула потратит 74 млн рублей на поддержку социальных объектов]]></title>
  <category auto="true" type="str" verify="true"><![CDATA[Экономика и бизнес/Финансы]]></category>
  <source auto="true" type="str" verify="true"><![CDATA[https://www.infox.ru//news/251/economy/finance/218856-tula-potratit-74-mln-rublej-na-podderzku-socialnyh-obektov]]></source>
  <text auto="true" type="str" verify="true"><![CDATA[
В Туле в рамках проекта «Народный бюджет – 2019» на финансирование социальных объектов выделят в этом году 74 миллиона рублей.
Деньги пойдут на ремонт и благоустройство детских садов, медучреждений, школ, дорог, жилых домов и так далее.
Как сообщает портал «Тульские новости», в детском саду «Журавушка» в 2019 году построят новую веранду, а также шестой теневой навес. В детском саду 154 ребенка в возрасте от 2 до 7 лет. Детей разделили на шесть групп, каждая из которых будет иметь свой навес. Замдиректора по дошкольной работе ЦО № 17 (в состав учреждения водит упомянутый детский сад) Анна Маренова рассказала, что «Журавушка» стал участником программы «Народный бюджет» впервые. Стоимость шестого навеса оценивается в 351 тысячу рублей. Деньги от администрации придутся как нельзя кстати.
В детском саду ЦО №17 также пройдет замена старых деревянных окон на пластиковые.
В общей сложности в 2019 году по программе «Народный бюджет» будут реализованы 55 проектов. Из них 35 приходятся на социальные объекты.
]]></text>
</doc>
