<?xml version='1.0' encoding='UTF-8'?>
<doc>
  <title auto="true" type="str" verify="true"><![CDATA[«Уйти из Донбасса»: Алексашенко о снятии санкций]]></title>
  <category auto="true" type="str" verify="true"><![CDATA[Экономика и бизнес/Финансы]]></category>
  <source auto="true" type="str" verify="true"><![CDATA[https://www.infox.ru//news/283/economy/finance/219250-ujti-iz-donbassa-aleksasenko-o-snatii-sankcij]]></source>
  <text auto="true" type="str" verify="true"><![CDATA[
Экономист Сергей Алексашенко в эфире «Эха Москвы» высказал мнение о том, как наладить ситуацию в российской экономике.
По его мнению, наиболее простое и быстродействующее решение — уйти из Донбасса. Основная масса западных санкций, которые бьют по экономики, которые сделали запретительно рискованными иностранные инвестиции в российскую экономику — из-за агрессии РФ в Донбассе.
По мнению экономиста, эти ограничения наложены даже не из-за Крыма. Поэтому необходим уход из Донбасса без присоединения, без всяких условий, минских соглашений — просто отдать команду. Всех боевиков с оружием перевезти в РФ, передать границу под контроль Киеву и сказать украинской стороне: все, распоряжайтесь, как хотите. И предложить компенсацию ущерба.
По словам экономиста, в скором времени это отменит западные санкции. И даже при плохом инвестиционном климате, который существует в России, всегда отыщутся иностранные предприниматели, которые хорошо поладят с российскими представителями власти и госпредприятиями. И они понемногу станут приходить в РФ, полагает Алексашенко.
Сдача Донбаса даст самый быстрый эффект. Это отменит режим санкций. Но дальше начинаются более сложные, трудные вопросы, которые не дадут быстрого эффекта, для их решения необходимо время. Стране необходимы независимый суд, политическая конкуренция — этим можно заниматься 10 лет, 15 лет. Не вполне ясно, где конечная точка.
«Ополчение Boeing не сбивало»: Гиркин об обвинении в гибели МН17
Но если правительство, Кремль начнут двигаться в эту сторону, это не может быть не замечено. И люди сразу же на это начнут реагировать, считает экономист.
Нынешняя тенденция внутренней политики президента понятна: завинчивание гаек, ограничение политической конкуренции. Но если ситуация изменится, скажем, всех желающих регистрируют в Мосгордуму, отсутствие запретов на выборы губернаторов, честный подсчет итогов голосования. В течении года не случается ни одного захвата бизнеса силовиками. Все сразу же понимают: силовиков укоротили, они перестали кошмарить бизнес.
Если это продлится 2-3 года, всем станет ясно, что процесс пошел в другую сторону, обстановка изменилась к лучшему. Этого будет достаточно, чтобы сделать прогноз по обстановке в экономике, сказал экономист.
]]></text>
</doc>
