<?xml version='1.0' encoding='UTF-8'?>
<doc>
  <title auto="true" type="str" verify="true"><![CDATA[Краснодарский край присоединится к всероссийской акции «Горсть Памяти»]]></title>
  <category auto="true" type="str" verify="true"><![CDATA[Власть и Общество/Общество]]></category>
  <source auto="true" type="str" verify="true"><![CDATA[https://www.infox.ru//news/289/social/society/219248-krasnodarskij-kraj-prisoedinitsa-k-vserossijskoj-akcii-gorst-pamati]]></source>
  <text auto="true" type="str" verify="true"><![CDATA[
В полдень 22 июня в регионах России состоится военно-патриотическая акция «Горсть Памяти». К ней присоединится и Краснодарский край.
Во всех муниципалитетах Кубани более чем с тысячи воинских захоронений в этот день пройдут церемонии забора земли. После этого она будет направлена в Москву к строящемуся на территории парка Вооруженных Сил России «Патриот» храму. Землю со всех мест захоронений воинов, погибших во время Великой Отечественной войны, разместят возле православного сооружения.
Акция проходит по инициативе Министерства обороны. Как сообщает пресс-служба администрации Краснодарского края, в местах ее проведения также пройдут возложения венков и цветов. Помимо этого, все пришедшие примут участие во Всекубанской минуте молчания.
]]></text>
</doc>
