<?xml version='1.0' encoding='UTF-8'?>
<doc>
  <title auto="true" type="str" verify="true"><![CDATA[Краснодарский банк признан лучшим в ЮФО по льготному кредитованию малого бизнеса]]></title>
  <category auto="true" type="str" verify="true"><![CDATA[Экономика и бизнес/Финансы]]></category>
  <source auto="true" type="str" verify="true"><![CDATA[https://www.infox.ru//news/289/economy/finance/219249-krasnodarskij-bank-priznan-lucsim-v-ufo-po-lgotnomu-kreditovaniu-malogo-biznesa]]></source>
  <text auto="true" type="str" verify="true"><![CDATA[
На заседании Совета по содействию развитию малого и среднего предпринимательства при полпреде президента России в Южном федеральном округе назвали лучший банк по льготному кредитованию бизнеса.
Им стал «Кубань Кредит». Его признали лучшим банком по объемам льготного кредитования субъектов малого и среднего бизнеса в рамках разработанной Минэкономразвития РФ госпрограммы.
Напомним, что соглашение между министерством и финансовым учреждением было подписано 1 марта 2019 года. За 3,5 месяца кубанский банк профинансировал 35 проектов. Ставка для организаций составила 8,5%, что является достаточно выгодным условием для предприятий. Общая сумма сделок – более 2,7 млрд рублей.
Льготную ставку получили компании, занимающиеся сельским хозяйством, строительством, транспортировкой, туризмом, образованием, здравоохранением и другими приоритетными отраслями экономики.
]]></text>
</doc>
