<?xml version='1.0' encoding='UTF-8'?>
<doc>
  <title auto="true" type="str" verify="true"><![CDATA[Невзоров: президент понял, что все материалы для храма государственности разворовали на особнячки и шубохранилища]]></title>
  <category auto="true" type="str" verify="true"><![CDATA[Власть и Общество/Политика]]></category>
  <source auto="true" type="str" verify="true"><![CDATA[https://www.infox.ru//news/283/social/rupolitics/219425-nevzorov-prezident-ponal-cto-vse-materialy-dla-hrama-gosudarstvennosti-razvorovali-na-osobnacki-i-subohranilisa]]></source>
  <text auto="true" type="str" verify="true"><![CDATA[
По мнению журналиста Александра Невзорова, российский президент понял, что «здание российской державности» будут разворовывать скорее, чем оно строится. 
После просмотра Прямой линии с Путиным журналист описал свои впечатления. Прямая линия с президентом РФ состоялась 20 июня. Она продлилась около 4 часов, Путин ответил на 70 вопросов.
«Мечтатель Путин явно скис», поскольку ему стало понятно, что воровство материалов для постройки российской державности «непобедимо», полагает журналист. «Все стройматериалы, из которых предполагалось создать храм государственности растащили на особнячки и шубохранилища», — отмечает он.
Журналист считает, что президент теперь понял, что там, «где должен парить двуглавый орел — летают мерзкие квадрокоптеры Навального». «Российскую государственность по образцу 19 века, как выяснилось, и строить-то некому, кроме гастарбайтеров», — заметил Невзоров.
Ранее журналист высказывал мнение, что российская власть не чувствует, где пролегает граница, за которой уже нет ничего, кроме злобы и отчаяния населения. Также он отметил, что в России с Конституцией можно делать все что угодно, так как она уже давно «опущенная».
Прямая линия зашла в тупик вместе со страной - Мартынов
Но все же «самое веселое» нам еще только предстоит увидеть, полагает журналист.
Он отметил, что ему «нравится власть». Она вовсе не ощущает грани, за которую лучше не заступать, не понимает, где проходит та разделительная черта, за которой — лишь злоба и отчаяние. И власть к этой черте «всеми своими законами, всеми своими бреднями упорно лезет».
И непременно наступит время, когда «дубинка ОМОНа скрестится с дубиной народной войны». Ясно, кто в подобной ситуации всегда побеждает, отметил Невзоров.
]]></text>
</doc>
