<?xml version='1.0' encoding='UTF-8'?>
<doc>
  <title auto="true" type="str" verify="true"><![CDATA[В Туле прошел юбилейный МамПарад]]></title>
  <category auto="true" type="str" verify="true"><![CDATA[Власть и Общество/Общество]]></category>
  <source auto="true" type="str" verify="true"><![CDATA[https://www.infox.ru//news/283/social/society/218765-v-tule-prosel-ubilejnyj-mamparad]]></source>
  <text auto="true" type="str" verify="true"><![CDATA[
9 июня в Туле прошел 10-й Мампарад. 
По Казанской набережной города прогулялись беременные женщины и матери с детьми. Во главе колонны шли мамы в разноцветных платьях.
На параде фукнкционировали развлекательные площадки и торговые точки, прошел костюмированный конкурс, была выбрана лучшая коляска. Жительницы Тулы показали коляски в виде жемчужины, замка и т.д.
На мероприятии выступали танцоры «Звездного экспресса» и прочие клубы современного танца.
]]></text>
</doc>
