<?xml version='1.0' encoding='UTF-8'?>
<doc>
  <title auto="true" type="str" verify="true"><![CDATA[«Бедные по своей дурости» – Дудь вмешался в заочный спор Медведева и Кудрина о бедности]]></title>
  <category auto="true" type="str" verify="true"><![CDATA[Власть и Общество/Люди]]></category>
  <source auto="true" type="str" verify="true"><![CDATA[https://www.infox.ru//news/251/social/people/219238-bednye-po-svoej-durosti-dud-vmesalsa-v-zaocnyj-spor-medvedeva-i-kudrina-o-bednosti]]></source>
  <text auto="true" type="str" verify="true"><![CDATA[
Журналист, блогер Юрий Дудь включился в рассуждения об уровне бедности в России, спровоцированные главой Счетной палаты Алексеем Кудриным в ходе интервью Владимиру Познеру.
В своем твиттере Дудь предположил, что большинство россиян, оказавшихся за чертой бедности, могут быть в этом виноваты сами. Например, из-за своей финансовой безграмотности.
«Про 20 млн бедных в РФ: – Да может, 15 млн из-за своей дурости лишились всего. Кто-то кредиты взял под непонятные проценты, чтобы купить себе поездку в Турцию. А как он будет оплачивать – надо же думать. Лучше не поехать в Турцию, а поехать на дачу или куда-то заработать денег», - написал Дудь.

Такой пост вызвал волну негодования в комментариях. Самым распространенным аргументом против, стали напоминания, что Россия – одна из самых богатых ресурсами стран в мире, и почему-то ее граждане оказываются в таком положении, когда на не самый дорогой отдых приходится брать кредит.
Несколько дней назад в беседе с Познером Кудрин заявил, что бедность в России приняла угрожающий характер. Он не исключил вероятность «социального взрыва», если ситуацию не удастся оперативно изменить к лучшему. После того, как его высказывание подхватили СМИ, Кудрин пояснил, что лично он надеется на оптимистичный вариант развития событий.
Однако 18 июня в твиттере он снова поднял тему бедности и поправил: «Я назвал в интервью цифру в 12,5 миллионов, но имел в виду проценты. Более 12% бедных в стране - это около 19 миллионов человек». он подчеркнул, что этим людям на уровне государство необходимо более активно оказывать помощь.
Кудрин предрек России социальный взрыв из-за бедности
В среду премьер-министр Дмитрий Медведев заочно ответил Кудрину. На совещании о достижении национальных целей он заявил, что тема бедности – сложная и требует детального, внимательного отношения, кропотливой работы, а не популистских рассуждений.
Требуется «консолидированная работа абсолютно всех», каждого на своих местах в соответствии с компетенцией, а «не общие рассуждения в экспертно-популистском ключе», сказал глава правительства.
Ранее на речь Алексея Кудрина отреагировали в Кремле. Пресс-секретарь президента Дмитрий Песков назвал оценку главой Счетной палаты проблемы падения доходов россиян, «гипертрофированной».
]]></text>
</doc>
