<?xml version='1.0' encoding='UTF-8'?>
<doc>
  <title auto="true" type="str" verify="true"><![CDATA[В Абрау-Дюрсо Новороссийского района запретили проезд по мосту]]></title>
  <category auto="true" type="str" verify="true"><![CDATA[Власть и Общество/Общество]]></category>
  <source auto="true" type="str" verify="true"><![CDATA[https://www.infox.ru//news/289/social/society/219428-v-abrau-durso-novorossijskogo-rajona-zapretili-proezd-po-mostu]]></source>
  <text auto="true" type="str" verify="true"><![CDATA[
Власти города Новороссийска предупредили жителей села Абрау-Дюрсо, а также отдыхающих об изменении организации дорожного движения в населенном пункте.
Ограничения начали действовать в понедельник, 17 июня. В этот день всем видам транспорта запретили ездить по мосту, расположенному на улице Мира в селе Абрау-Дюрсо. Такое решение приняла комиссия по обеспечению безопасности дорожного движения – движение полностью перекрыто в связи с аварийным состоянием сооружения.
Как сообщает пресс-служба администрации курортного города, проезд по улице Мира запрещен на участке, расположенном между улицей Первомайской и улицей Подгорной. Автомобилистов просят учитывать изменения организации дорожного движения при планировании поездок. Им предлагают объезжать перекрытый участок дороги по улице Школьной.
]]></text>
</doc>
