<?xml version='1.0' encoding='UTF-8'?>
<doc>
  <title auto="true" type="str" verify="true"><![CDATA[Многодетные семьи на Кубани получили скидку в 20% на проезд в поездах]]></title>
  <category auto="true" type="str" verify="true"><![CDATA[Власть и Общество/Общество]]></category>
  <source auto="true" type="str" verify="true"><![CDATA[https://www.infox.ru//news/289/social/society/219111-mnogodetnye-semi-na-kubani-polucili-skidku-v-20-na-proezd-v-poezdah]]></source>
  <text auto="true" type="str" verify="true"><![CDATA[
Администрация Краснодарского края сообщает о введении значительных скидок на проезд в поездах для семей, имеющих трех и более детей.
Многодетные семьи смогут сэкономить на поездках по России в купейных вагонах поездов дальнего следования. По решению АО «ФПК», скидка в 20% будет предоставлена взрослым и детям в возрасте от 10 до 17 лет. Льготные условия будут действовать в июне и июле 2019 года.
– При этом дети младше пяти лет путешествуют бесплатно, если ребенок не занимает отдельное место, а дети от 5 до 10 лет – по детскому тарифу, – уточнили в компании.
Краснодарцы смогут купить билеты по доступной цене только в кассах «ФПК». При этом необходимо будет предъявить соответствующий документ, который подтвердит статус многодетной семьи.
]]></text>
</doc>
