<?xml version='1.0' encoding='UTF-8'?>
<doc>
  <title auto="true" type="str" verify="true"><![CDATA[В Новосибирске часть улицы Ленина закроют для транспорта]]></title>
  <category auto="true" type="str" verify="true"><![CDATA[LIfeStyle/Авто]]></category>
  <source auto="true" type="str" verify="true"><![CDATA[https://www.infox.ru//news/251/lifestyle/auto/218858-v-novosibirske-cast-ulicy-lenina-zakrout-dla-transporta]]></source>
  <text auto="true" type="str" verify="true"><![CDATA[
В конце июня в Новосибирске на улице Ленина будет организована пешеходная зона. 
Въезд транспорта там будет временно ограничен. С 24 июня на улице Ленина начнётся приуроченный ко Дню города международный фестиваль цветов. Победителя фестиваля определят 30-го числа, после чего улицу вновь откроют для автомобилей.
Об этом рассказала руководитель департамента культуры, спорта и молодёжной политики мэрии Анна Терешкова.
«Улицу перекроем от площади Ленина и до Советской, это небольшой участок», - сказала она в интервью порталу ВашГород.ру.
По словам Терешковой, на первый фестиваль приедут флористы из Болгарии, Чехии, Китая и других стран.
]]></text>
</doc>
