<?xml version='1.0' encoding='UTF-8'?>
<doc>
  <title auto="true" type="str" verify="true"><![CDATA[В Туле завершилась реконструкция сквера «Тулякам – Героям Советского Союза»]]></title>
  <category auto="true" type="str" verify="true"><![CDATA[Власть и Общество/Общество]]></category>
  <source auto="true" type="str" verify="true"><![CDATA[https://www.infox.ru//news/251/social/society/219444-v-tule-zaversilas-rekonstrukcia-skvera-tulakam-geroam-sovetskogo-souza]]></source>
  <text auto="true" type="str" verify="true"><![CDATA[
Сквер «Тулякам – Героям Советского Союза» с 21 июня предстал перед жителями в обновленном виде. Этой весной были начаты масштабные работы по реконструкции.
За несколько месяцев было заменено плиточное покрытие, ограждения, модернизирована система освещения, заново разбиты газоны, высажены новые деревья и кустарники.
Рабочие также заменили мраморное покрытие стелы «Тулякам – Героям Советского Союза», поправили гравировку.
В пятницу, реконструкция официально завершилась. Временные заграждения демонтированы, и теперь сквер снова готов радовать туляков.
Мемориал в тульском сквере был открыт в 1967 году. Его изюминкой стала стела, увековечившая память погибших в годы Великой Отечественной войны туляков. В 1991 году монумент признан охраняемым объектом культурного наследия регионального значения. Сейчас мемориал стал традиционным местом возложения цветов.
Последний раз капитальный ремонт в сквере проводился в 2008 году.
]]></text>
</doc>
