<?xml version='1.0' encoding='UTF-8'?>
<doc>
  <title auto="true" type="str" verify="true"><![CDATA[Спасатели объявили экстренное предупреждение по жаре в Новороссийске]]></title>
  <category auto="true" type="str" verify="true"><![CDATA[Наука и технологии/Вселенная]]></category>
  <source auto="true" type="str" verify="true"><![CDATA[https://www.infox.ru//news/289/science/universe/219004-spasateli-obavili-ekstrennoe-preduprezdenie-po-zare-v-novorossijske]]></source>
  <text auto="true" type="str" verify="true"><![CDATA[
Городское управление гражданской обороны и чрезвычайных ситуаций объявило экстренное предупреждение по жаре. В течение ближайших суток и до начала рабочей недели ожидается аномальная температура воздуха.
По данным городских спасателей, в течение нескольких дней возможна сильная жара, во время которой столбики термометров могут подняться до отметки в 34 градуса тепла.
В связи с этим жителей и гостей города просят соблюдать необходимые меры безопасности, чтобы не навредить своему здоровью.В частности, специалисты не рекомендуют находиться на открытых участках местности, покидать здания и помещения без необходимости, совершать поездки на личном транспорте и туристические походы, разжигать костры. Необходимо быть в тени, следить за детьми и пожилыми людьми.
]]></text>
</doc>
