<?xml version='1.0' encoding='UTF-8'?>
<doc>
  <title auto="true" type="str" verify="true"><![CDATA[В Курганской области пройдет чемпионат и Кубок по автокроссу]]></title>
  <category auto="true" type="str" verify="true"><![CDATA[LIfeStyle/Спорт]]></category>
  <source auto="true" type="str" verify="true"><![CDATA[https://www.infox.ru//news/289/lifestyle/sport/219355-v-kurganskoj-oblasti-projdet-cempionat-i-kubok-po-avtokrossu]]></source>
  <text auto="true" type="str" verify="true"><![CDATA[
22 и 23 июня в Зауралье состоятся чемпионат и Кубок России по автокроссу. В автомобильных соревнованиях примут участие легковые и грузовые автомобили.
По словам организаторов спортивного события, сильнейших гонщиков Курганской области в рамках состязаний выделят в нескольких классах: УАЗ, Д2-Н, Д2-классика, ГАЗ-53 и ЗИЛ-130. Ожидается, что в чемпионате и Кубке также примут участие наиболее опытные спортсмены из разных регионов и городов.
В Зауралье планируют приехать представители Москвы и Московской области, Ульяновска и Рязани, Первоуральска и Омска, Тюмени и Перми, Челябинской области и городов Режа. По данным пресс-службы управления по физической культуре и спорту, заезды пройдут в деревне Заборской на специальной кроссовой трассе.
]]></text>
</doc>
