<?xml version='1.0' encoding='UTF-8'?>
<doc>
  <title auto="true" type="str" verify="true"><![CDATA[Шаманский «Танец огня» представят в Тюмени на фестивале «Мост дружбы»]]></title>
  <category auto="true" type="str" verify="true"><![CDATA[LIfeStyle/Хобби и развлечения]]></category>
  <source auto="true" type="str" verify="true"><![CDATA[https://www.infox.ru//news/289/lifestyle/hobby/218853-samanskij-tanec-ogna-predstavat-v-tumeni-na-festivale-most-druzby]]></source>
  <text auto="true" type="str" verify="true"><![CDATA[
На фестивале «Мост дружбы» зрители увидят шаманский «Танец огня»: гостей мероприятия ждет концерт, мастер-классы, народные игры и многое другое, сообщает информагентство «Тюменская линия».
Напомним, фестиваль национальных культур «Мост дружбы» будет проходить в Тюмени 12 июня, в День России, на Цветном бульваре. На двухдневном мероприятии будут работать 20 национальных подворий. В рамках события гостям и жителям города представят блюда национальной кухни, проведут для них различные народные обряды и игры и познакомят с традиционной культурой народов, населяющих регион. Запланированы выступления солистов и национальных творческих коллективов, которые приедут с юга Тюменской области.
Одним из самых ярких событий фестиваля станет показ «Танца огня», который покажут представители финно-угорских народов на открытии своего подворья.
]]></text>
</doc>
