<?xml version='1.0' encoding='UTF-8'?>
<doc>
  <title auto="true" type="str" verify="true"><![CDATA[Туляки сдали в Росгвардию 286 единиц оружия]]></title>
  <category auto="true" type="str" verify="true"><![CDATA[Власть и Общество/Закон]]></category>
  <source auto="true" type="str" verify="true"><![CDATA[https://www.infox.ru//news/283/social/law/219201-tulaki-sdali-v-rosgvardiu-286-edinic-oruzia]]></source>
  <text auto="true" type="str" verify="true"><![CDATA[
Глава Управления Росгвардии по Тульской области Петрик подвел итоги работы ведомства за 1-ю половину текущего года. 
По его словам, подразделениями вневедомственной охраны каждые сутки выставляется 36 групп задержания. Обеспечивается защита более 3500 объектов и 4706 мест хранения имущества населения.
На маршрутах патрулирования раскрыли 33 преступления, задержали и передали в территориальные ОВД 29 человек.
Во время проведения операции «Оружие» граждане сдали 286 единиц оружия, более 1800 патронов, свыше 3 кг пороха, несколько мин и снаряд времен ВОВ.
Спецназ выполнил свыше 200 заданий. В ходе работы задержали 15 человек, обнаружили 357 административных нарушений. Из незаконного пользования изъяли оружие и свыше 7500 боеприпасов.
]]></text>
</doc>
