<?xml version='1.0' encoding='UTF-8'?>
<doc>
  <title auto="true" type="str" verify="true"><![CDATA[В краснодарском аэропорту изменились правила парковки]]></title>
  <category auto="true" type="str" verify="true"><![CDATA[Власть и Общество/Общество]]></category>
  <source auto="true" type="str" verify="true"><![CDATA[https://www.infox.ru//news/289/social/society/219173-v-krasnodarskom-aeroportu-izmenilis-pravila-parkovki]]></source>
  <text auto="true" type="str" verify="true"><![CDATA[
С 17 июня на привокзальной площади в Международном аэропорту Краснодара начали действовать новые правила парковки.
Изменения касаются повторного въезда на территорию площади. Теперь за него придётся платить, но только в том случае, если с момента выезда прошло менее 45 минут. По данным аэровокзала, тариф на повторный въезд с первой по 60-ю минуту был установлен на уровне 250 рублей.
Отметим, что рядом с Международным аэропортом Краснодара функционирует платная парковка на 211 машин. Для автомобилистов действует почасовая тарификация. При этом первые 15 минут стоянки являются бесплатными. Затем взимается плата в 250 рублей за первый час и по 100 рублей за последующие часы.
Помимо этого, существуют ещё две парковки - на 90 и 205 мест - где действуют другие тарифы и условия. Бесплатная парковка находится в 250 метрах от аэропорта.
]]></text>
</doc>
