<?xml version='1.0' encoding='UTF-8'?>
<doc>
  <title auto="true" type="str" verify="true"><![CDATA[В Воронежской области школьники в торжественной обстановке получили паспорта]]></title>
  <category auto="true" type="str" verify="true"><![CDATA[Власть и Общество/Общество]]></category>
  <source auto="true" type="str" verify="true"><![CDATA[https://www.infox.ru//news/250/social/society/218829-v-voronezskoj-oblasti-skolniki-v-torzestvennoj-obstanovke-polucili-pasporta]]></source>
  <text auto="true" type="str" verify="true"><![CDATA[
Документы, удостоверяющие личность, вручили 14-летним гражданам России губернатор Александр Гусев и председатель облдумы Владимир Нетёсов.
Торжественная церемония прошла в правительстве региона. Губернатор напомнил об особой роли Воронежской области в истории страны.
«Именно вам предстоит продолжить летопись нашей славной истории. Сегодня вы получаете самый главный в вашей жизни документ – паспорт гражданина Российской Федерации. Хочется, чтобы вы чувствовали личную ответственность за свои поступки перед родными, близкими, перед самими собой и своей Родиной», – подчеркнул глава региона.
Председатель Воронежской областной Думы Владимир Нетёсов отметил символичность того факта, что церемония проходит накануне двух значимых дат – Дня России и 85-летия со дня образования Воронежской области.
«Сегодня вы делаете первый серьезный шаг во взрослую жизнь. Уверен, что вы станете достойными гражданами и патриотами нашей великой и могучей страны. Многие из вас свяжут свою судьбу с родной Воронежской областью, прославят наш край добрыми делами и поступками. Уверен, что вами будут гордиться ваши родители, дедушки и бабушки. Ваши педагоги и наставники. Вы будете развивать эту страну, будете вносить свой вклад в ее историю, чтить и уважать Конституцию Российской Федерации», – подчеркнул он, пожелав ребятам успехов в учебе и жизни, исполнения намеченных целей и правильного выбора жизненного пути.
Затем школьники произнесли торжественную присягу гражданина Российской Федерации, после чего губернатора и председатель регионального парламента вручили им паспорта и Конституции Российской Федерации.
]]></text>
</doc>
