<?xml version='1.0' encoding='UTF-8'?>
<doc>
  <title auto="true" type="str" verify="true"><![CDATA[Черноморских дельфинов в Сочи посчитают ученые]]></title>
  <category auto="true" type="str" verify="true"><![CDATA[Наука и технологии/Звери]]></category>
  <source auto="true" type="str" verify="true"><![CDATA[https://www.infox.ru//news/289/science/animal/219109-cernomorskih-delfinov-v-soci-poscitaut-ucenye]]></source>
  <text auto="true" type="str" verify="true"><![CDATA[
Как передает пресс-служба города-курорта, в Сочи начали считать черноморских дельфинов. Этим занимаются сотрудники института океанологии имени Петра Ширшова Российской академии наук.
Накануне шесть ученых отправились в открытое море почти на две недели. В их задачу входит поиск трех видов китообразных – белобочки, афалины и морские свиньи, или азовки. Все они отражены в красном списке Международного союза охраны природы, и их численность в естественной среде до сих пор неизвестна науке.
– Специальные исследования дельфинов проводились, когда был промысел на Черном море. Но он был прекращен более 50 лет назад, потом еще какое-то время с научной точки зрения исследовались дельфины в естественной среде, но это 70-е начало 80-х. Потом в стране уменьшилось финансирование науки и тем более таких абстрактных как исследование дельфинов, – рассказал научный сотрудник института океанологии имени П.П. Ширшова РАН Александр Агафонов.
]]></text>
</doc>
