<?xml version='1.0' encoding='UTF-8'?>
<doc>
  <title auto="true" type="str" verify="true"><![CDATA[В Новороссийске спасатели помогли дельфину выбраться из невода]]></title>
  <category auto="true" type="str" verify="true"><![CDATA[Власть и Общество/Общество]]></category>
  <source auto="true" type="str" verify="true"><![CDATA[https://www.infox.ru//news/289/social/society/219176-v-novorossijske-spasateli-pomogli-delfinu-vybratsa-iz-nevoda]]></source>
  <text auto="true" type="str" verify="true"><![CDATA[
В воскресенье, 16 июня, млекопитающему понадобилась помощь спасателей. Дельфин попал в рыболовные сети во время охоты за рыбой.
На место происшествия направился отряд новороссийских спасателей. Они помогли животному. Операция по спасению дельфина проходила для них не в первый раз.
О происшествии в службу спасения сообщили местные жители. Они рассказали специалистам, что дельфин попал в рыболовные сети - ставной невод - в Цемесской бухте. На месте событий работали сотрудники МБУ ПАСС «Служба Спасения». Они вышли в море на катере в оперативном порядке и, обнаружив запутавшегося в ставнике дельфина, помогли ему выбраться из ловушки.
— Дельфины практически всегда самостоятельно выходят из этих ставников, наевшись рыбы. Это произошло и в этот раз, но вышел он в полуметре от лодки спасателей... Водный мир — это загадка и разгадывать нам ее еще долго! — написал в своем Instagram начальник муниципальной службы спасения Алексей Одеров.
]]></text>
</doc>
