<?xml version='1.0' encoding='UTF-8'?>
<doc>
  <title auto="true" type="str" verify="true"><![CDATA[В Краснодарском крае начались соревнования по конному спорту]]></title>
  <category auto="true" type="str" verify="true"><![CDATA[LIfeStyle/Спорт]]></category>
  <source auto="true" type="str" verify="true"><![CDATA[https://www.infox.ru//news/289/lifestyle/sport/218900-v-krasnodarskom-krae-nacalis-sorevnovania-po-konnomu-sportu]]></source>
  <text auto="true" type="str" verify="true"><![CDATA[
В поселке Октябрьском Красноармейского района Кубани стартовали чемпионат и первенство по конному спорту. Об этом сообщила пресс-служба администрации Краснодарского края.
В соревнованиях участвуют начинающие и профессиональные спортсмены. Имена наиболее сильнейших спортсменов и любителей конного спорта станут известны уже завтра, 14 июня, добавили в министерстве физической культуры и спорта Краснодарского края.
– Соревнования являются одним из отборочных этапов с целью формирования юношеской команды – участников квалификационного турнира для участия в Спартакиаде учащихся страны, – отметили в ведомстве.
Отметим, что финальные соревнования по данному виду спорта девятой летней Спартакиады учащихся России пройдут в Москве с 30 июля по 4 августа.
]]></text>
</doc>
