<?xml version='1.0' encoding='UTF-8'?>
<doc>
  <title auto="true" type="str" verify="true"><![CDATA[В сочинском центре «Сириус» пройдет фестиваль регионов России]]></title>
  <category auto="true" type="str" verify="true"><![CDATA[Культура/Театр]]></category>
  <source auto="true" type="str" verify="true"><![CDATA[https://www.infox.ru//news/289/culture/theatre/219256-v-socinskom-centre-sirius-projdet-festival-regionov-rossii]]></source>
  <text auto="true" type="str" verify="true"><![CDATA[
В ближайшие выходные в Сочи стартует фестиваль регионов России. Он продлится в течение всего концертного сезона.
Во время фестиваля сочинские зрители познакомятся с популярными проектами театров страны. Так, 21 и 22 июня Астраханский театр оперы и балета представит свои лучшие спектакли – «Жизель» Адана и «Лебединое озеро». Художественный руководитель труппы – заслуженный артист Российской Федерации и известный балетмейстер-постановщик Константин Уральский. Постановки будут показаны в Парке науки и искусства «Сириус».
Там же гости фестиваля увидят культурные проекты Татарстана, Иркутской области и Краснодарского края. Об этом сегодня, 19 июня, сообщила пресс-служба города-курорта Сочи со ссылкой на представителей образовательного центра «Сириус».
]]></text>
</doc>
