<?xml version='1.0' encoding='UTF-8'?>
<doc>
  <title auto="true" type="str" verify="true"><![CDATA[На время губернаторского бала в Краснодаре ограничат движение транспорта]]></title>
  <category auto="true" type="str" verify="true"><![CDATA[Власть и Общество/Общество]]></category>
  <source auto="true" type="str" verify="true"><![CDATA[https://www.infox.ru//news/289/social/society/219003-na-vrema-gubernatorskogo-bala-v-krasnodare-ogranicat-dvizenie-transporta]]></source>
  <text auto="true" type="str" verify="true"><![CDATA[
В столице Кубани 28 июня пройдет ежегодный губернаторский бал выпускников. Из-за этого несколько участков улиц в центре города будут временно перекрыты.
Во время репетиций бала движение будет закрыто 15 и 23 июня с 6 часов утра до 6 часов вечера по улице Постовой – от улицы Захарова до улицы Октябрьской, по улице Красной – от улицы Советской до Постовой, а также по проездам с восточной и западной сторон Войскового собора между улицей Красной и улицей Кондратенко. Там же нельзя будет оставить личный транспорт.
28 июня с 6:00 до 19:30 нельзя будет проехать по улицам Ленина и Гимназической от улицы Красноармейской до улицы Рашпилевской. С 18:00 до 21:00 – по улице Красной от улицы Карасунской до улицы Советской. С 6:00 до 24:00 – по улице Пушкина – от улицы Рашпилевской до улицы Красноармейской, а также по улице Рашпилевской – от улицы Советской до улицы Пушкина.
С 14:00 до 1:00 29 июня – по улице Красной – от улицы Советской до улицы Кондратенко; по улице Постовой — от улицы Захарова до улицы Октябрьской; по проездам с западной и восточной сторон Войскового собора между улицей Красной и улицей Николая Кондратенко.
]]></text>
</doc>
