<?xml version='1.0' encoding='UTF-8'?>
<doc>
  <title auto="true" type="str" verify="true"><![CDATA[Губернатор Краснодарского края: Туристы оценили систему «Все включено»]]></title>
  <category auto="true" type="str" verify="true"><![CDATA[Экономика и бизнес/Туризм]]></category>
  <source auto="true" type="str" verify="true"><![CDATA[https://www.infox.ru//news/250/economy/tourism/219154-gubernator-krasnodarskogo-kraa-turisty-ocenili-sistemu-vse-vkluceno]]></source>
  <text auto="true" type="str" verify="true"><![CDATA[
Число отелей, работающих по такой системе в регионе, увеличилось почти на треть. Большая часть сосредоточена на побережье Черного моря – в Анапе, Сочи, Геленджике и Туапсинском районе.
«К старту курортного сезона 2019 года количество гостиниц и отелей региона, предоставляющих услуги по системе «все включено» и «ультра все включено» увеличилось на 30%. Сегодня в таком формате работают 56 гостиниц и отелей. Мы видим, что наши усилия не напрасны – загрузка подобных гостиничных объектов составляет от 90 до 100%. Туристы по достоинству оценили удобство и экономичность такого отдыха», – рассказал журналистам губернатор Краснодарского края Вениамин Кондратьев.
Он добавил, что особое внимание уделяется качеству питания на курортах.
«Для этого гостиницам и отелям рекомендовано использовать продукты кубанского производства», – пояснил глава Краснодарского края.
В прошлом году регион принял рекордное количество туристов – 17 миллионов человек. В этом году турпоток планируется увеличить. Для этого проводятся мероприятия по благоустройству и разрабатываются новые туристические продукты.
]]></text>
</doc>
