<?xml version='1.0' encoding='UTF-8'?>
<doc>
  <title auto="true" type="str" verify="true"><![CDATA[Под Челябинском построят новую объездную дорогу]]></title>
  <category auto="true" type="str" verify="true"><![CDATA[Власть и Общество/Общество]]></category>
  <source auto="true" type="str" verify="true"><![CDATA[https://www.infox.ru//news/289/social/society/219202-pod-celabinskom-postroat-novuu-obezdnuu-dorogu]]></source>
  <text auto="true" type="str" verify="true"><![CDATA[
В 2020 году под Челябинском появится новая объездная дорога. Стоимость строительных работ составит 324,4 млн рублей.
Ожидается, что объездная дорога облегчит жизнь тысячам людей, проживающих в Вишневой горке, Белом Хуторе и Женеве. Она соединит новые микрорайоны поселка Западный и детсад №51 с трассой «Шершни-Северный-обход Челябинска». Дорожный объект планируют ввести в эксплуатацию во втором квартале следующего года.
По данным ЮУ КЖСИ, сейчас многочисленным жителям поселка приходится пользоваться единственной узкой дорогой, которая проходит через микрорайоны Женева и Вишневая горка.
– Инвестиции на строительство первой очереди выделяются в рамках подготовки областного центра к саммитам 2020 года: в президентской деревне Белого Хутора разместятся члены международных делегаций стран ШОС и БРИКС, – добавили в пресс-службе ведомства.
]]></text>
</doc>
