<?xml version='1.0' encoding='UTF-8'?>
<doc>
  <title auto="true" type="str" verify="true"><![CDATA[Урбан-виллы построят на месте аварийных бараков в Новосибирске]]></title>
  <category auto="true" type="str" verify="true"><![CDATA[Экономика и бизнес/Недвижимость]]></category>
  <source auto="true" type="str" verify="true"><![CDATA[https://www.infox.ru//news/283/economy/realty/219102-urban-villy-postroat-na-meste-avarijnyh-barakov-v-novosibirske]]></source>
  <text auto="true" type="str" verify="true"><![CDATA[
В Новосибирске сейчас продолжается расселение жителей устаревших построек. 
Всего в рамках программы планируется переселить на новое место жительства более 150 семей.
«Мы проработали программу привлечения строительных организаций, используя механизм РЗТ. В рамках нового проекта планируется построить качественные дома с обустроенными придомовыми территориями», — рассказал глава Новосибирска Анатолий Локоть в ходе визита на стройплощадку в Октябрьском районе.
В новом микрорайоне также планируют построить дорогу и тротуары. Об этом новосибирские власти договорились с компанией «Сибакадемстрой», сообщил мэр.
Убран-виллы отличаются наличием одного подъезда, а также 7 либо 9 этажей. На первых этажах также есть квартиры с отдельным входом, рассказал глава компании «Сибакадемстрой» Михаил Ансимов.
Сейчас в Октябрьском районе осталось 3 старых барака. К следующему году власти Новосибирска планируют их снести.
]]></text>
</doc>
