<?xml version='1.0' encoding='UTF-8'?>
<doc>
  <title auto="true" type="str" verify="true"><![CDATA[Краснодарец сорвал куш в 5 млн рублей в лотерее]]></title>
  <category auto="true" type="str" verify="true"><![CDATA[Власть и Общество/Общество]]></category>
  <source auto="true" type="str" verify="true"><![CDATA[https://www.infox.ru//news/289/social/society/218901-krasnodarec-sorval-kus-v-5-mln-rublej-v-loteree]]></source>
  <text auto="true" type="str" verify="true"><![CDATA[
Стало известно, что житель Краснодара стал счастливым обладателем более пяти миллионов рублей. Об этом сообщила пресс-служба государственной лотереи «Столото».
Краснодарец стал новым лотерейным миллионером днем 11 июня. Он сорвал куш, выиграв суперприз. Его сумма составила 5 480 112 рублей.
Известно, что тиражи гослотереи проходят каждые пятнадцать минут, помимо технических перерывов. Мужчина угадал все 9 чисел комбинации в первой части поля – 15, 5, 7, 10, 16, 8, 11 и 2, а также во второй – 3.
Возможно, среди этих чисел есть знаковые для победителя. Однако пока это не известно – организаторы лотереи узнают об этом, как только краснодарец обратится к ним за выигрышем.Отметим, что жителям Краснодарского края часто везет в лотерее.
В 2018 году среди них стало 53 лотерейных миллионера. 346 участников выиграли суммы, превышающие 100 000 рублей.
]]></text>
</doc>
