<?xml version='1.0' encoding='UTF-8'?>
<doc>
  <title auto="true" type="str" verify="true"><![CDATA[«Волатильность»: Кремль отреагировал на новое падение рейтинга Путина]]></title>
  <category auto="true" type="str" verify="true"><![CDATA[Власть и Общество/Политика]]></category>
  <source auto="true" type="str" verify="true"><![CDATA[https://www.infox.ru//news/282/social/rupolitics/219061-volatilnost-kreml-otreagiroval-na-novoe-padenie-rejtinga-putina]]></source>
  <text auto="true" type="str" verify="true"><![CDATA[
Июньский опрос ВЦИОМ показал снижение рейтинга доверия президенту России Владимиру Путину.
Исследование провели в первую неделю июня по новой методике, отмечается в сообщении центра.
По итогам опроса выяснилось, что Путину доверяют 71,7% опрошенных. При этом неделей ранее о доверии президенту заявили 72,4% участников исследования. Об обратном отношении рассказали 25% опрошенных. В тройку лидеров по доверию также вошли министр обороны Сергей Шойгу (13,2%) и глава МИД РФ Сергей Лавров (11,4%).
С мая ВЦИОМ стал проводить опросы о доверии по новой методике. Социологи спрашивают россиян, доверяют ли они одному из пяти политиков (Владимиру Путину, Дмитрию Медведеву, Владимиру Жириновскому, Геннадию Зюганову и Сергею Миронову). В этом вопросе только у президента рейтинг доверия превышает 40%. После прямого вопроса респондентов спрашивают, кому из политиков они доверяют. Подобный рейтинг центр назвал спонтанным. В нем актуальный показатель главы РФ составил 31,1%.
Новую методику ввели после фиксации максимально низкого рейтинга доверия Путину (31,7%). До ее введения специалисты ограничивались открытым вопросом. Теперь они задают и прямой. Из-за смены методики рейтинг президент вырос до 72,3%.
Ремчуков: в чем скрытый смысл падения рейтингов власти?
В президентской администрации отреагировали на новые данные ВЦИОМ, показавшие снижение рейтинга. По словам пресс-секретаря президента Дмитрия Пескова, неправильно судить об изменениях рейтинга главы государства по недельным и месячным показателям. Вместо этого нужно обращать внимание на показатели, захватывающие более длительные периоды. Он указал на разные методики подсчета, а также на «волатильность» (изменчивость) рейтинга. Песков также предложил журналистам консультироваться по рейтингам доверия у социологов.
В апреле «Левада-центр» выяснил, что если бы президентские выборы прошли в ближайшие выходные, то за Владимира Путина проголосовали бы 55% избирателей. По словам сотрудников центра, в российском обществе закрепилось «ощущение безальтернативности».
По данным январского опроса «Левады», 45% российских граждан считают, что страна развивается по неправильному пути. Этот показатель стал рекордным за последние 12 лет. Отставку действующего кабмина поддержали 53% респондентов. По итогам выборов 2018 года Путин победил с результатом почти 77%.
]]></text>
</doc>
