<?xml version='1.0' encoding='UTF-8'?>
<doc>
  <title auto="true" type="str" verify="true"><![CDATA[В Краснодарском крае пройдет выставка военной техники]]></title>
  <category auto="true" type="str" verify="true"><![CDATA[Власть и Общество/Общество]]></category>
  <source auto="true" type="str" verify="true"><![CDATA[https://www.infox.ru//news/289/social/society/219000-v-krasnodarskom-krae-projdet-vystavka-voennoj-tehniki]]></source>
  <text auto="true" type="str" verify="true"><![CDATA[
В столице Кубани состоится выставка современной военной техники. Мероприятие пройдет с 28 по 30 июня в рамках международного военно-технического форума «Армия-2019».

По данным департамента по делам казачества и военным вопросам, жители и гости краевого центра увидят экспонаты на площадке военной техники парка культуры и отдыха имени 30-летия Победы. Там будут представлены военные мощь и потенциал Российской Федерации.
Гостей праздника ждет встреча не только с современной, но и исторической техникой. Попасть на мероприятие могут все желающие совершенно бесплатно. Помимо выставки, их ждет концерт лучших творческих коллективов Краснодарского края.
Отметим, что Международный военно-технический форум «Армия-2019» проходит по распоряжению правительства России. Основные события форума состоятся в Конгрессно-выставочном центре «Патриот», на аэродроме «Кубинка» и полигоне «Алабино».
]]></text>
</doc>
