<?xml version='1.0' encoding='UTF-8'?>
<doc>
  <title auto="true" type="str" verify="true"><![CDATA[Общественный транспорт Сочи полностью перевели на безналичную оплату]]></title>
  <category auto="true" type="str" verify="true"><![CDATA[Власть и Общество/Общество]]></category>
  <source auto="true" type="str" verify="true"><![CDATA[https://www.infox.ru//news/289/social/society/218896-obsestvennyj-transport-soci-polnostu-pereveli-na-beznalicnuu-oplatu]]></source>
  <text auto="true" type="str" verify="true"><![CDATA[
Первым городом юга России, где общественный транспорт был полностью переведен на безналичную оплату проезда, стал Сочи. Проект был реализован при поддержке Сбербанка.
Впервые сочинцы смогли расплатиться за поездку в общественном транспорте банковской картой в 2017 году. С этого момент терминалы оплаты появились на нескольких маршрутах муниципального предприятия «Сочиавтотранс».
Сегодня договор о внедрении безналичного расчета подписан со всеми перевозчиками, работающими на территории города-курорта. Таким образом, расплатиться банковской картой стало возможно во всех автобусах Сочи.
О такой возможности говорит отличительный знак, или специальная наклейка на общественном транспорте с логотипом финансового учреждения-партнера с надписью «Оплата в одно касание».
]]></text>
</doc>
