<?xml version='1.0' encoding='UTF-8'?>
<doc>
  <title auto="true" type="str" verify="true"><![CDATA[Чемпион мира по UFC проведет зарядку в Краснодаре]]></title>
  <category auto="true" type="str" verify="true"><![CDATA[LIfeStyle/Фитнес]]></category>
  <source auto="true" type="str" verify="true"><![CDATA[https://www.infox.ru//news/289/lifestyle/fitness/219418-cempion-mira-po-ufc-provedet-zaradku-v-krasnodare]]></source>
  <text auto="true" type="str" verify="true"><![CDATA[
23 июня актер и чемпион мира по смешанным боевым искусствам (UFC) Олег Тактаров покажет всем желающим, как можно улучшить свое здоровье при помощи простейших упражнений.
Во время открытия мероприятия именитый спортсмены продемонстрирует гостям и жителями Краснодара комплекс упражнений, с которого у него начинается каждое утро. По словам начальника городского управление по физической культуре и спорту Анатолия Мирошникова, присоединиться к зарядке с легендарным бойцом смогут все желающие.
Мероприятие начнется в 8 часов 30 минут 23 июня на Главной городской площади. После зарядки участники смогут взять автограф у Олега Тактарова и, если повезет, задать ему интересующий вопрос, а также сфотографироваться. Чтобы активно и с пользой провести утро в компании звезды, необходимо заранее пройти процедуру регистрации. Это можно сделать на сайте проекта, сообщили в пресс-службе администрации Краснодара.
]]></text>
</doc>
