<?xml version='1.0' encoding='UTF-8'?>
<doc>
  <title auto="true" type="str" verify="true"><![CDATA[Санитарные врачи признали безопасной воду на пляжах Краснодарского края]]></title>
  <category auto="true" type="str" verify="true"><![CDATA[Власть и Общество/Общество]]></category>
  <source auto="true" type="str" verify="true"><![CDATA[https://www.infox.ru//news/289/social/society/219416-sanitarnye-vraci-priznali-bezopasnoj-vodu-na-plazah-krasnodarskogo-kraa]]></source>
  <text auto="true" type="str" verify="true"><![CDATA[
Глава Роспотребнадзора Анна Попова рассказала журналистам в ходе Второй международной конференции по вопросам биобезопасности о результатах исследования воды в рекреационных зонах Черноморского побережья.
По ее словам, специалисты установили, что вода на побережье Краснодарского края признана безопасной. Исследования проводились в районе Большого Сочи и Геленджика – эксперты не увидели превышения санитарных и других норм, которые могли бы отрицательно повлиять на здоровье жителей и гостей региона.
Помимо этого, пробы были взяты вокруг всего Крымского полуострова. Исследования показали, что и они полностью соответствуют требованиям по морской воде, которые, к слову, намного жестче в Российской Федерации, чем в европейских странах, отметила главный санитарный врач страны.
Напомним, что вторая международная конференция «Глобальные угрозы биологической безопасности. Проблемы и решения» проходит в Сочи 20 и 21 июня. В ней принимают участие более 100 экспертов из 30 стран мира. Они обсуждают научные исследования и разработки, которые оказывают влияние на обеспечение биобезопасности, и другое.
]]></text>
</doc>
