<?xml version='1.0' encoding='UTF-8'?>
<doc>
  <title auto="true" type="str" verify="true"><![CDATA[Депутаты Курганской облдумы обсудили бюджет, квартиры для сирот и дороги]]></title>
  <category auto="true" type="str" verify="true"><![CDATA[Власть и Общество/Закон]]></category>
  <source auto="true" type="str" verify="true"><![CDATA[https://www.infox.ru//news/250/social/law/218904-deputaty-kurganskoj-obldumy-obsudili-budzet-kvartiry-dla-sirot-i-dorogi]]></source>
  <text auto="true" type="str" verify="true"><![CDATA[
В заседании комитета по бюджету, финансовой и налоговой политике принял участие председатель регионального парламента Дмитрий Фролов.
Члены комитета по бюджету, финансовой и налоговой политике под председательством Марата Исламова провели публичные слушания и рекомендовали областной Думе принять закон «Об исполнении областного бюджета за 2018 год» в двух чтениях. С учетом фактического исполнения в 2018 году доходы областного бюджета составили 39 874 850,6 тысяч рублей, расходы – 39 710 736,4 тысяч рублей. В 2018 году областной бюджет исполнен с профицитом в сумме 164 114,2 тысячи рублей.
Также парламентарии рекомендовали заслушать на очередной сессии отчет областного правительства области об исполнении областного бюджета за первый квартал 2019 года. За этот период доходы исполнены на 19,7 процента к годовым бюджетным назначениям. По сравнению с аналогичным периодом 2018 года доходы снизились на 61,4 миллиона рублей. При этом собственные доходы областного бюджета составили 4 033,1 миллиона рублей, это на 1,2 процента выше аналогичного периода прошлого года.
Расходы областного бюджета исполнены в сумме 8 339,3 миллиона рублей или 18% к уточненным годовым бюджетным назначениям, что выше аналогичного периода 2018 года на 54 миллиона рублей. Превышение доходов над расходами составило 57,5 миллиона рублей. Госдолг Курганской области на 1 апреля 2019 года сложился в объеме 16 586,9 миллиона рублей, по сравнению с прошлым годом его величина не изменилась.
Председатель Курганской областной Думы Дмитрий Фролов особо подчеркнул, что необходимо активизировать работу глав муниципальных образований по повышению собственных доходов.
На постоянном контроле члены комитета по бюджету, финансовой и налоговой политике держат ситуацию с получением детьми-сиротами жилья. На заседании они вновь заслушали информацию правительства Курганской области о мерах по обеспечению жилыми повышениями граждан из числа детей-сирот и детей, оставшихся без попечения родителей, реализуемых органами государственной власти Курганской области.
В 2019 году на приобретение жилья для детей-сирот заложены средства в размере 679 771 100 рублей, из них 597 414 900 рублей средства областного бюджета и 82 356 200 рублей будут направлены из федерального бюджета. На сегодняшний день Департамент имущественных и земельных отношений уже заключил 205 государственных контрактов на приобретение благоустроенных квартир для детей-сирот с их передачей в 2019 году на общую сумму 165 043 680 рублей. Парламентарии также обсудили существующие проблемы, которые усложняют процесс реализации этих полномочий.
Также члены комитета ознакомились с информацией Правительства Курганской области о распределении в 2019 году объемов финансирования государственной программы «Развитие автомобильных дорог» и проведения договорной кампании в 2019 году в целях исполнения закона «Об областном бюджете на 2019 год и плановый период 2020 и 2021 годов» в части расходов дорожного фонда Курганской области.
В 2019 году финансирование дорожного хозяйства в 2019 году за счет регионального дорожного фонда предусмотрено в сумме 5 365,7 миллиона рублей. На ремонт и содержание автомобильных дорог общего пользования и мостов будет направлено 1 309,4 миллиона рублей.
Регион участвует в реализации нацпроекта «Безопасные и качественные автомобильные дороги», финансирование которого составит 2 111,7 миллиона рублей, из которых 1 981,7 миллиона рублей поступит из федерального бюджета.
Парламентарии подчеркнули, что необходимо рационально и эффективно использовать средства, направляемые на ремонт региональных и местных дорог, что позволит в дальнейшем улучшить транспортное сообщение и обеспечить повышение безопасности дорожного движения. Депутаты рекомендовали заслушать информацию на очередном заседании областной Думы.
]]></text>
</doc>
