<?xml version='1.0' encoding='UTF-8'?>
<doc>
  <title auto="true" type="str" verify="true"><![CDATA[Мигранты из СНГ стали чаще переезжать в Свердловскую область]]></title>
  <category auto="true" type="str" verify="true"><![CDATA[Власть и Общество/Общество]]></category>
  <source auto="true" type="str" verify="true"><![CDATA[https://www.infox.ru//news/289/social/society/218778-migranty-iz-sng-stali-case-pereezzat-v-sverdlovskuu-oblast]]></source>
  <text auto="true" type="str" verify="true"><![CDATA[
Свердловскстат опубликовал статистику, согласно которой в текущем году в регион прибыло в два раза больше мигрантов из стран СНГ, чем в 2018 году. 
По данным ведомства, за период с января по апрель 2019 года прирост мигрантов в Свердловской области составил 3 тысячи 188 человек. Отмечается, что среди прибывших стало значительно больше иностранцев.
Из стран СНГ с января по апрель в регион приехало 5 326 человек, уехало – 1,5 тысячи человек. За аналогичный период прошлого года в Свердловскую область прибыло 2 875 человек, уехало – 1548 человек. Среди этой категории граждан миграционный прирост вырос в 2,8 раза.
– Из других зарубежных стран в регион попали 842 человека. Выбыли 158, соответственно прирост составил 684. В 2018 году область посетили всего 116 человек, а уехали – 155, – сообщили в Свердловскстате.
]]></text>
</doc>
