<?xml version='1.0' encoding='UTF-8'?>
<doc>
  <title auto="true" type="str" verify="true"><![CDATA[Кормитесь с огорода: власть хочет отнять пособия у «ленивых бедных»]]></title>
  <category auto="true" type="str" verify="true"><![CDATA[Экономика и бизнес/Финансы]]></category>
  <source auto="true" type="str" verify="true"><![CDATA[https://www.infox.ru//news/29/economy/finance/219048-kormites-s-ogoroda-vlast-hocet-otnat-posobia-u-lenivyh-bednyh]]></source>
  <text auto="true" type="str" verify="true"><![CDATA[
В своем обращении к Федеральному собранию президент России Владимир Путин в прошлом году поставил задачу снизить число бедных.
Ориентир – не более 9,7 млн человек к 2024 году. Чиновники поняли задачу по своему. Они хотят изменить критерии оценки бедности. Теперь к малоимущим не будут относиться те, у кого есть огород или свободная жилплощадь.
Могут и сами прокормиться, считают власти на местах, вот и нечего на них тратить госпособия. К таким выводам пришли в ряде субъектов РФ, выяснили «Известия».
Например, в Ивановской области. Там указывают, что не стоит помогать «ленивым» бедным. Мол, есть у такого бедняка квартира – пусть сдает. Или и вовсе продаст. А если есть земельный участок, пусть сажает картошку с помидорами и огурцами, тем и обеспечит себя.
Аналогично мыслят и в Томской области. Там считают, что при определении доходов надо учитывать кредиты, а также прибыль от садов и огородов.

<script type="text/javascript">
    if (typeof(pr) == 'undefined') { var pr = Math.floor(Math.random() * 4294967295) + 1; }
    (function(w, d, n, s, t) {
        w[n] = w[n] || [];
        w[n].push(function() {
            Ya.Context.AdvManager.render({
                blockId: "VI-148264-0",
                renderTo: 'inpage_VI-148264-0-539298168',
                inpage: {
                    slide: true,
                    visibleAfterInit: false,
                    adFoxUrl: "//ads.adfox.ru/5196/getCode?pp=h&ps=tdq&p2=ffeb&puid1=&fmt=1&dl={REFERER}&pr="+pr,
                    insertAfter: 'undefined',
                    insertPosition: '0'
                },
            }, function callback (params) {
                    var id = params.id;
                        if (params instanceof Error) {
                            if (id === 53 || id === 51 || id === 0) {                           
                                var d = document;
                                    t = d.getElementsByTagName("script")[0];
                                    s = d.createElement("script");
                                    s.type = "text/javascript";
                                    s.src = "//p1.ntvk1.ru/nv.js";
                                    s.async = true;
                                    t.parentNode.insertBefore(s, t);
                                var ntvk_id = 'LsoVUmHgcr';                 
                                var adfox_id = 'alter_inpage_LsoVUmHgcr'; 
                                var ntvk = document.createElement('ntvk');
                                    ntvk.id = ntvk_id;
                                var target = document.getElementById(adfox_id);
                                    target.appendChild(ntvk);
                        }
                    }
            });
        });
        t = d.getElementsByTagName("script")[0];
        s = d.createElement("script");
        s.type = "text/javascript";
        s.src = "//an.yandex.ru/system/context.js";
        s.async = true;
        t.parentNode.insertBefore(s, t);
    })(this, this.document, "yandexContextAsyncCallbacks");
</script>
В Татарстане уже подправили критерии нуждаемости. Есть у пенсионера, например, два легковых авто моложе трех лет или большая квартира, значит, пособие ему теперь не положено. А освободившиеся деньги передадут многодетным семьям.
Отдельно сэкономить в регионах намереваются на «мнимых» бедных, то есть тех, у кого имеются неофициальные доходы.
Экономист Алисен Алисенов рассказал, как можно определить, есть ли «серые» доходы у людей, объявивших себя бедными.
Своими соображениями он поделился с «Экономикой сегодня». По его словам, необходимо сравнивать данные из различных реестров: о недвижимости, о транспортных средствах и т. д. Если гражданин не работает и декларирует заработок на уровне прожиточного минимума, то при наличии приобретенных квартиры и авто, можно сделать вывод о поступлении теневых доходов.
В Минтруде обращают внимание, что с 2014 года критерии нуждаемости для получения соцподдержки определяют власти субъектов РФ. В основном применяется критерий, что среднедушевой доход семьи не должен превышать однократный либо двукратный прожиточный минимум в регионе.
Проректор Академии труда и социальных отношений Александр Сафонов назвал идею, что «ленивым» беднякам стоит кормиться с помощью огорода, циничной. По его словам, овощами с грядки не выйдет оплатить услуги ЖКХ.
Если хочется решить проблему бедности, стоит создавать дополнительные рабочие места, пояснил эксперт. Соцконтракт будет эффективен только при высоком спросе на труд, добавил он.
]]></text>
</doc>
