<?xml version='1.0' encoding='UTF-8'?>
<doc>
  <title auto="true" type="str" verify="true"><![CDATA[Инвесторы из ОАЭ заинтересовались покупкой олимпийских объектов в Сочи]]></title>
  <category auto="true" type="str" verify="true"><![CDATA[Экономика и бизнес/Недвижимость]]></category>
  <source auto="true" type="str" verify="true"><![CDATA[https://www.infox.ru//news/289/economy/realty/218972-investory-iz-oae-zainteresovalis-pokupkoj-olimpijskih-obektov-v-soci]]></source>
  <text auto="true" type="str" verify="true"><![CDATA[
Стало известно, что инвесторы из Объединенных Арабских Эмиратов заинтересовались покупкой олимпийских объектов в Сочи, построенных за счет ВЭБ.
Об этом сообщает РИА Новости со ссылкой на первого заместителя председателя государственной корпорации Михаила Кузовлева. В 2016 году ВЭБ испытывал финансовые трудности в связи с вложениями в строительство олимпийских объектов. В начале декабря 2017 года почти все они вышли на прибыль, пишет издание.
Господин Кузовлев рассказал, что арабские коллеги госкорпорации интересуются объектами. Также он отметил, что сейчас сочинские объекты генерируют денежные потоки, оценить которые возможно.
– Мне кажется, чем быстрее будет эффективный собственник, у которого будут возможности сравнить себя с рынком, тем лучше. Мы свою роль как институт развития сделали. Олимпиада состоялась, инфраструктура построена, людям очень нравится отдыхать в Сочи, – резюмировал первый зампред.
]]></text>
</doc>
