<?xml version='1.0' encoding='UTF-8'?>
<doc>
  <title auto="true" type="str" verify="true"><![CDATA[Жители Новосибирской области должны банкам 40% своих доходов]]></title>
  <category auto="true" type="str" verify="true"><![CDATA[Экономика и бизнес/Финансы]]></category>
  <source auto="true" type="str" verify="true"><![CDATA[https://www.infox.ru//news/283/economy/finance/218831-ziteli-novosibirskoj-oblasti-dolzny-bankam-40-svoih-dohodov]]></source>
  <text auto="true" type="str" verify="true"><![CDATA[
Новосибирская область вошла в число 20 самых закредитованных регионов РФ. 
Рост по суммам выданных жителям области кредитов, в том числе и ипотечных, продолжается не первый год. Сообщается, что общий размер кредитного портфеля по Новосибирской области составляет уже 40% от общей суммы доходов жителей региона. В прошлом году объем выдачи кредитов населению в области вырос на 41%, достигнув отметки в 324 млрд рублей.
Растет в области и ипотечный кредитный портфель. За год он стал больше на 25%. Только в первом квартале текущего года банки выдали новосибирцам ипотечных кредитов более чем на 14 млрд рублей. Это на 13% больше показателей аналогичного периода прошлого года.
В итоге Новосибирская область уверенно вошла в число 20 самых закредитованных регионов РФ.
Рост потребительских и ипотечных кредитов в стране ранее отмечал и глава Минфина Антон Силуанов. Закредитованность министр назвал важнейшей причиной падения реальных доходов российских граждан.
]]></text>
</doc>
