<?xml version='1.0' encoding='UTF-8'?>
<doc>
  <title auto="true" type="str" verify="true"><![CDATA[Спортсмен из Кубани взял «серебро» первенства Европы по современному пятиборью]]></title>
  <category auto="true" type="str" verify="true"><![CDATA[LIfeStyle/Спорт]]></category>
  <source auto="true" type="str" verify="true"><![CDATA[https://www.infox.ru//news/289/lifestyle/sport/219254-sportsmen-iz-kubani-vzal-serebro-pervenstva-evropy-po-sovremennomu-patiboru]]></source>
  <text auto="true" type="str" verify="true"><![CDATA[
В Литве завершились соревнования среди кадетов в возрасте до 19 лет. Спортсмены продемонстрировали свои силы и умения в четырех дисциплинах – стрельбе, беге, фехтовании и плавании.
Два представителя Краснодарского края – Кирилл Ахрамович и Антон Гадецкий – вошли в состав российской сборной. Хорошие результаты показал первый спортсмен. Он отличился вместе с самарским пятиборцем Андреем Смирновым во время первого этапа первенства – эстафеты.
– Ребята стали четвертыми в плавании и третьими в фехтовании. После двух видов состязаний они занимали третье место, проигрывая командам Италии и Белоруссии. В то же время российский дуэт на 10 секунд опережал сборную Польши, располагавшуюся на четвертом месте, – рассказали в региональном министерстве физической культуры и спорта.
В беге со стрельбой атлеты завоевали серебряные медали.
]]></text>
</doc>
