<?xml version='1.0' encoding='UTF-8'?>
<doc>
  <title auto="true" type="str" verify="true"><![CDATA[Двое кубанских врачей стали победителями всероссийского конкурса]]></title>
  <category auto="true" type="str" verify="true"><![CDATA[Наука и технологии/Медицина]]></category>
  <source auto="true" type="str" verify="true"><![CDATA[https://www.infox.ru//news/289/science/medicine/219338-dvoe-kubanskih-vracej-stali-pobeditelami-vserossijskogo-konkursa]]></source>
  <text auto="true" type="str" verify="true"><![CDATA[
Сегодня, 20 июня, стало известно, что двое медиков из Краснодарского края победили во Всероссийском конкурсе врачей. Об этом сообщила пресс-служба администрации Кубани.
Всего на конкурс было подано 600 заявок из 60 субъектов России. В номинации «Лучший офтальмолог» второе место занял заведующий отделением городской больницы №4 Сочи Виктор Семыкин. Третье место в номинации «Лучший инфекционист» досталось заведующей отделением краевой специализированной клинической инфекционной больницы Ольге Ковалевской. Победители получат денежные премии.
В Минздраве Краснодарского края отмечают, что за пять лет в конкурсе врачей смогли одержать победу в разных номинациях 20 кубанских медиков. В прошлом году врач детской краевой клинической больницы Ольга Шишкина стала лучшим неонатологом России. Помимо этого, жюри оценило заслуги педиатра того же учреждения Ирины Ждановой и сотрудницы станции скорой помощи Армавира Ирины Борисенко.
]]></text>
</doc>
