<?xml version='1.0' encoding='UTF-8'?>
<doc>
  <title auto="true" type="str" verify="true"><![CDATA[Состояние детских площадок Сургута под контролем]]></title>
  <category auto="true" type="str" verify="true"><![CDATA[Власть и Общество/Общество]]></category>
  <source auto="true" type="str" verify="true"><![CDATA[https://www.infox.ru//news/250/social/society/219364-sostoanie-detskih-plosadok-surguta-pod-kontrolem]]></source>
  <text auto="true" type="str" verify="true"><![CDATA[
На заседании Думы Сургута по социальной политике на повестке дня обсуждали результаты работы межведомственной рабочей группы по проведению мониторинга состояния детских игровых и спортивных площадок, находящихся на территории города.

 
Рабочая группа осуществляет проверку детских игровых и спортивных площадок с 2015 года, после трагедии, произошедшей с восьмилетним ребенком на площадке. В состав группы входят представители администрации, совета при Главе города по ЖКХ и представители общественности. Проверка осуществляется два раза в год, с апреля по май и с сентября по октябрь. Первая проверка приурочена к началу летнего периода и активной эксплуатации детских площадок.
Наталья Танева, начальник отдела по организации работы комиссии по делам несовершеннолетних, в начале своего доклада отметила: «Основной задачей группы является проверка на соответствие требований безопасности детских площадок вне зависимости от форм собственности. Визуально группой проверяются площадки и составляется акт для устранения выявленных нарушений».
На сегодняшний день на территории города нет ни одной бесхозной площадки. За каждым объектом закреплены ответственные лица, а потому задачи охватить рабочей группой все площадки нет, проверка проводится выборочно.
В 2015 году было обследовано 22 площадки, в 2016 году - 19 площадок, в 2017 году - 42 площадки, в 2018 году - 95 площадок. В ходе первой проверки 2019 года проверили уже 35 детских и спортивных площадок.

<script type="text/javascript">
    if (typeof(pr) == 'undefined') { var pr = Math.floor(Math.random() * 4294967295) + 1; }
    (function(w, d, n, s, t) {
        w[n] = w[n] || [];
        w[n].push(function() {
            Ya.Context.AdvManager.render({
                blockId: "VI-148264-0",
                renderTo: 'inpage_VI-148264-0-539298168',
                inpage: {
                    slide: true,
                    visibleAfterInit: false,
                    adFoxUrl: "//ads.adfox.ru/5196/getCode?pp=h&ps=tdq&p2=ffeb&puid1=&fmt=1&dl={REFERER}&pr="+pr,
                    insertAfter: 'undefined',
                    insertPosition: '0'
                },
            }, function callback (params) {
                    var id = params.id;
                        if (params instanceof Error) {
                            if (id === 53 || id === 51 || id === 0) {                           
                                var d = document;
                                    t = d.getElementsByTagName("script")[0];
                                    s = d.createElement("script");
                                    s.type = "text/javascript";
                                    s.src = "//p1.ntvk1.ru/nv.js";
                                    s.async = true;
                                    t.parentNode.insertBefore(s, t);
                                var ntvk_id = 'LsoVUmHgcr';                 
                                var adfox_id = 'alter_inpage_LsoVUmHgcr'; 
                                var ntvk = document.createElement('ntvk');
                                    ntvk.id = ntvk_id;
                                var target = document.getElementById(adfox_id);
                                    target.appendChild(ntvk);
                        }
                    }
            });
        });
        t = d.getElementsByTagName("script")[0];
        s = d.createElement("script");
        s.type = "text/javascript";
        s.src = "//an.yandex.ru/system/context.js";
        s.async = true;
        t.parentNode.insertBefore(s, t);
    })(this, this.document, "yandexContextAsyncCallbacks");
</script>
Проверяют все: от информационных табличек, на которых должны быть написаны правила пользования игровым оборудованием и ответственные лица, до сертификации и эстетичности внешнего вида.
Особенно внимательны члены рабочей групп к тому, насколько крепко установленные все конструкции (игровые ворота, качели, карусели, горки и и.д.). В 2010 году произошла ещё одна трагедия, связанная с падением хоккейных ворот на ребёнка. Произошло это как раз по причине их некачественной установки.
На заседании парламентарии увидели фотографии нарушений, выявленные в ходе проверки: это отсутствие урн, торчащие трубы и бетонные основания, испорченные покрытия горок и качелей.
Много лет подряд замечания получают управляющие компании, которые установили в новых районах города игровые площадки над паркингами, на высоте 3-5 метров. Ограждение этих площадок откровенно хлипкие и есть опасность падения детей (например, въехав в них на велосипеде).
Основные причины нарушений - отсутствие финансирования и простая халатность ответственных лиц, которые не следят за состоянием подведомственных им объектов.
Рабочая группа регулярно составляет акты, пишет заявления для привлечения к ответственности виновных лиц. В большинстве случаев нарушения устраняются в короткие сроки.
Наталья Танева сообщила, что распространяются листовки с правилами нахождения на детских площадках, ведь обеспечивать безопасность должны не только ответственные за эти объекты лица, но и родители, и сами дети.
]]></text>
</doc>
