<?xml version='1.0' encoding='UTF-8'?>
<doc>
  <title auto="true" type="str" verify="true"><![CDATA[На Ямале начали добывать нефть, обнаруженную с помощью нейросети]]></title>
  <category auto="true" type="str" verify="true"><![CDATA[Экономика и бизнес/Компании]]></category>
  <source auto="true" type="str" verify="true"><![CDATA[https://www.infox.ru//news/289/economy/company/218894-na-amale-nacali-dobyvat-neft-obnaruzennuu-s-pomosu-nejroseti]]></source>
  <text auto="true" type="str" verify="true"><![CDATA[
Нефть, найденную с помощью технологий искусственного интеллекта, впервые начали добывать Вынгапуровском месторождении на Ямале.
Так, новые участки месторождений обнаружила найросеть на основе цифрового анализа геологических данных. Речь идет о об уникальной инновационной самообучающейся программе, которая была разработана совместно Научно-техническим центром компании "Газпром нефть" и компанией IBM Services.
По словам авторов изобретения, данная система не имеет аналогов на мировом рынке. Программа позволяет с высокой вероятностью определить местоположение геологических пластов, которые сложно найти традиционными методами.
В ходе пилотного тестирования система проанализировала данные о более трех тысячах скважин на месторождении, и указала, где находятся самые перспективные зоны. Верность «предсказания» подтвердили промышленные работы, что позволило впервые получить новый приток углеродов без без создания дополнительной инфраструктуры, сказано в сообщении компании «Газпром нефть».
Система способна проанализировать сотни гигабайт информации о тысячах скважин, обрабатывая одновременно до 60 тысяч результатов геофизических исследований. На основе уже имеющихся, и поступающих новых геологических данных, нейросеть находит закономерности, и на основе этого определяет места, где находятся богатые новые пласты, ранее не обнаруженные. При этом вся работа по поиску новых участков месторождения занимает менее одного месяца.
]]></text>
</doc>
