<?xml version='1.0' encoding='UTF-8'?>
<doc>
  <title auto="true" type="str" verify="true"><![CDATA[Золотую медаль европейского чемпионата по гиревому спорту завоевал уральский пенсионер]]></title>
  <category auto="true" type="str" verify="true"><![CDATA[LIfeStyle/Спорт]]></category>
  <source auto="true" type="str" verify="true"><![CDATA[https://www.infox.ru//news/289/lifestyle/sport/219017-zolotuu-medal-evropejskogo-cempionata-po-girevomu-sportu-zavoeval-uralskij-pensioner]]></source>
  <text auto="true" type="str" verify="true"><![CDATA[
В Германии на днях завершился чемпионат Европы по гиревому спорту, абсолютным победителем и золотым призером которого стал 68-летний Сергей Ашихмин из Екатеринбурга.
Как сообщают местные СМИ, сначала уралец за десять минут 159 раз толкнул пудовые гири, а затем сделал 222 рывка. Такой результат обеспечил нашему соотечественнику золотую медаль европейского первенства.
Отметим, что Сергей Ашихмин ранее неоднократно демонстрировал подобные достижения, в общей сложности завоевав около ста медалей на национальных соревнованиях и европейских турнирах, и шесть с чемпионатов мира. Осенью нынешнего года рекордсмен примет участие в очередном Чемпионате мира, который состоится в Сербии.
]]></text>
</doc>
