<?xml version='1.0' encoding='UTF-8'?>
<doc>
  <title auto="true" type="str" verify="true"><![CDATA[В Зауралье назначен новый глава Россельхознадзора]]></title>
  <category auto="true" type="str" verify="true"><![CDATA[Власть и Общество/Общество]]></category>
  <source auto="true" type="str" verify="true"><![CDATA[https://www.infox.ru//news/289/social/society/218787-v-zaurale-naznacen-novyj-glava-rosselhoznadzora]]></source>
  <text auto="true" type="str" verify="true"><![CDATA[
Сергей Ватагин стал новым руководителем управления Россельхознадзора по Курганской области. Сегодня, 10 июня, он был представлен сотрудникам ведомства.
Нового начальника коллективу управления представила глава управления земельного надзора, контроля качества и безопасности зерна Россельхознадзора Ольга Захарова – она прибыла из столицы в Курган с деловым визитом.
Встреча прошла на базе департамента агропромышленного комплекса Курганской области. В ней принял участие директор данного ведомства Владимир Марфицин.
Отметим, что Сергей Ватагин до недавних пор работал в управлении ветеринарии по Курганской области. Прежний глава надзорного ведомства Андрей Лушников в апреле перешел на должность директора регионального филиала ФГБУ «Федеральный центр оценки безопасности и качества зерна и продуктов его переработки».
]]></text>
</doc>
