<?xml version='1.0' encoding='UTF-8'?>
<doc>
  <title auto="true" type="str" verify="true"><![CDATA[В Новосибирске убрали свалку строительного мусора]]></title>
  <category auto="true" type="str" verify="true"><![CDATA[Власть и Общество/Общество]]></category>
  <source auto="true" type="str" verify="true"><![CDATA[https://www.infox.ru//news/251/social/society/219282-v-novosibirske-ubrali-svalku-stroitelnogo-musora]]></source>
  <text auto="true" type="str" verify="true"><![CDATA[
В Заельцовском районе Новосибирска во дворе на дома на Дачной улице убрали гору строительного мусора, оставленную компанией-подрядчиком, разбиравшем здании строительные перекрытия.
Накануне на сваленные мешки со строительным мусором пожаловались общественники. Они обратились в комитет охраны окружающей среды мэрии Новосибирска.
В муниципалитете на их просьбу отреагировали быстро, нашли ответственного застройщика и призвали убрать за собой.
Модератор тематической площадки ОНФ «Экология» Светлана Заикина по поводу данной истории отметила, что мешки на мусорной площадке оставили, понадеявшись на регоператора. Однако компания-перевозчик, которая работает с региональным оператором вывозить строительный мусор не стала, «так как это совсем другая категория отходов».
]]></text>
</doc>
