<?xml version='1.0' encoding='UTF-8'?>
<doc>
  <title auto="true" type="str" verify="true"><![CDATA[Тюменские выпускники отметят окончание школы вальсом на набережной]]></title>
  <category auto="true" type="str" verify="true"><![CDATA[Власть и Общество/Общество]]></category>
  <source auto="true" type="str" verify="true"><![CDATA[https://www.infox.ru//news/289/social/society/219127-tumenskie-vypuskniki-otmetat-okoncanie-skoly-valsom-na-nabereznoj]]></source>
  <text auto="true" type="str" verify="true"><![CDATA[
В пятницу, 21 июня, в Тюмени состоится общегородской выпускной вечер, включающий традиционный «Вальс на Набережной».
В этом году праздник в честь окончания школы посвятят 75-летнию создания Тюменской области. Самой зрелищной и яркой частью выпускного станет «Вальс на набережной». Эта танцевальная массовая акция призвана выразить благодарность современной молодежи героям войны, в том числе их ровесникам, ушедшим на фронт в июне 1941 года, сразу после своих выпускных вечером. В этом году впервые вместе с тюменскими выпускниками вальс будут танцевать пары из школы поселка Шорохово Исетского района и тобольской гимназии имени Н.Д. Лицмана. Сейчас пары репетируют выпускные танцы на пяти городских площадках.
«Вальс на набережной» начнется в 18.30. Перед началом общегородского выпускного в 18 часов у мемориалов «Прощание» и «Тюмень-Победителям» состоятся митинги и церемонии возложения цветов в память о выпускниках школ 1941 года.
]]></text>
</doc>
