<?xml version='1.0' encoding='UTF-8'?>
<doc>
  <title auto="true" type="str" verify="true"><![CDATA[На улицах Тбилиси готовят войну. Полиция нашла у протестующих «коктейли Молотова»]]></title>
  <category auto="true" type="str" verify="true"><![CDATA[В мире/События]]></category>
  <source auto="true" type="str" verify="true"><![CDATA[https://www.infox.ru//news/251/world/incidents/219426-na-ulicah-tbilisi-gotovat-vojnu-policia-nasla-u-protestuusih-koktejli-molotova]]></source>
  <text auto="true" type="str" verify="true"><![CDATA[
В Тбилиси в пятницу вечером продолжились протестные выступления. На улицы города вышли тысячи человек.
У здания парламента организована трибуна. На ней выступают представители оппозиционных партий и общественности.
Главное требование протестующих – отставка министра внутренних дел Гиоргия Гахария. Его подвергли обструкции за приказ разогнать митингующих с использованием спецсредств.
Полиция вчера стреляла по протестующим резиновыми пулями, распыляла слезоточивый газ. В ход шли резиновые дубинки. Было много пострадавших. Сейчас оппозиция требует расследовать факты превышения полномочий полицейскими. Сегодняшняя акция проходит без каких-либо инцидентов и призывов к насилию.
По разным данным, у грузинского парламента в пятницу собралось от 5 до 8 тысяч человек. Среди них много молодежи, которая осуждает насилие как со стороны власти, так и оппозиции.

<script type="text/javascript">
    if (typeof(pr) == 'undefined') { var pr = Math.floor(Math.random() * 4294967295) + 1; }
    (function(w, d, n, s, t) {
        w[n] = w[n] || [];
        w[n].push(function() {
            Ya.Context.AdvManager.render({
                blockId: "VI-148264-0",
                renderTo: 'inpage_VI-148264-0-539298168',
                inpage: {
                    slide: true,
                    visibleAfterInit: false,
                    adFoxUrl: "//ads.adfox.ru/5196/getCode?pp=h&ps=tdq&p2=ffeb&puid1=&fmt=1&dl={REFERER}&pr="+pr,
                    insertAfter: 'undefined',
                    insertPosition: '0'
                },
            }, function callback (params) {
                    var id = params.id;
                        if (params instanceof Error) {
                            if (id === 53 || id === 51 || id === 0) {                           
                                var d = document;
                                    t = d.getElementsByTagName("script")[0];
                                    s = d.createElement("script");
                                    s.type = "text/javascript";
                                    s.src = "//p1.ntvk1.ru/nv.js";
                                    s.async = true;
                                    t.parentNode.insertBefore(s, t);
                                var ntvk_id = 'LsoVUmHgcr';                 
                                var adfox_id = 'alter_inpage_LsoVUmHgcr'; 
                                var ntvk = document.createElement('ntvk');
                                    ntvk.id = ntvk_id;
                                var target = document.getElementById(adfox_id);
                                    target.appendChild(ntvk);
                        }
                    }
            });
        });
        t = d.getElementsByTagName("script")[0];
        s = d.createElement("script");
        s.type = "text/javascript";
        s.src = "//an.yandex.ru/system/context.js";
        s.async = true;
        t.parentNode.insertBefore(s, t);
    })(this, this.document, "yandexContextAsyncCallbacks");
</script>
Коктейли Молотова
Агентство Sputnik-georgia со ссылкой на пресс-службу МВД Грузии сообщило, что после беспорядков следователи стали проводить мероприятия по пресечению возможных силовых столкновений.
В рамках этой работы оперативники нагрянули в дом местного жителя 1949 года рождения. При обыске были обнаружены 12 бутылок с зажигательной смесью, изготовленных кустарно. В доме также нашли компоненты для изготовления «коктейлей».
«Полиция задержала Г.Ц., когда он планировал использовать этот взрывчатый материал на акции перед парламентом», - говорится в заявлении МВД.
Пожилому мужчине предъявили обвинение по статье «незаконное изготовление и хранение взрывчатого вещества», которая предусматривает наказание от 3 до 6 лет лишения свободы.
Россиянам посоветовали не ездить в Грузию
На фоне обострения обстановки в Тбилиси МИД РФ опубликовал обращение к россиянам с рекомендацией воздержаться от поездок в Грузию.
В Совфеде назвали истинную причину протестов в Грузии
«В результате действий радикальной грузинской оппозиции под антироссийскими лозунгами пострадали наши соотечественники – члены официальной делегации Федерального Собрания РФ, принимавшей участие в заседании Межпарламентской ассамблеи православия. В Тбилиси продолжаются массовые беспорядки. В этой связи МИД России настоятельно рекомендует российским гражданам в интересах их личной безопасности воздерживаться от поездок в Грузию», - говорится в обращении МИДа.
]]></text>
</doc>
