<?xml version='1.0' encoding='UTF-8'?>
<doc>
  <title auto="true" type="str" verify="true"><![CDATA[Дмитрий Патрушев пообещал зауральскому вузу 200 миллионов рублей]]></title>
  <category auto="true" type="str" verify="true"><![CDATA[Власть и Общество/Образование]]></category>
  <source auto="true" type="str" verify="true"><![CDATA[https://www.infox.ru//news/289/social/education/219433-dmitrij-patrusev-poobesal-zauralskomu-vuzu-200-millionov-rublej]]></source>
  <text auto="true" type="str" verify="true"><![CDATA[
Пресс-служба Минсельхоза России сообщила о дотациях, которые получит Курганская государственная сельскохозяйственная академия из федерального бюджета. Такое решение было принято по итогам визита главы ведомства Дмитрия Патрушева в зауральский вуз.
Речь идет о сумме в 200 миллионов рублей. Она будет выделена дополнительно Министерством сельского хозяйства России в соответствии с планом первоочередных мероприятий на текущий год, которые направлены на развитие академии. Средства вуз сможет получить уже в следующем месяце.
Ожидается, что финансовая поддержка улучшит финансово-хозяйственное положение академии и решит вопрос с выплатой стипендий студентам. Помимо этого, деньги понадобятся во время ремонта некоторых помещений учреждения образования и для его оптимизации, которые пройдут в ближайшее время.
]]></text>
</doc>
