<?xml version='1.0' encoding='UTF-8'?>
<doc>
  <title auto="true" type="str" verify="true"><![CDATA[Под Тулой построили водно-насосную станцию]]></title>
  <category auto="true" type="str" verify="true"><![CDATA[Власть и Общество/Общество]]></category>
  <source auto="true" type="str" verify="true"><![CDATA[https://www.infox.ru//news/251/social/society/219445-pod-tuloj-postroili-vodno-nasosnuu-stanciu]]></source>
  <text auto="true" type="str" verify="true"><![CDATA[
В деревне Кишкино под Тулой завершены работы по обновлению водопроводной сети.
Помимо этого была построена новая водно-насосная станция.
В общей сложности протяженность проложенных трубопроводов составила 6 километров. В настоящее время к сети начали подключать домовладения.
Проект обошелся местному бюджету в 37 миллионов рублей.
Жителям в ближайшие дни предоставят памятки, в которых зафиксирован порядок подключения домов к новым сетям. Весь процесс не займет много времени. К 1 июля начнется подача воды.
Как отмечают местные СМИ, решение о проведении работ было принято на основании многочисленных обращений граждан.
]]></text>
</doc>
