<?xml version='1.0' encoding='UTF-8'?>
<doc>
  <title auto="true" type="str" verify="true"><![CDATA[В Туле прошел гарнизонный развод полицейских нарядов]]></title>
  <category auto="true" type="str" verify="true"><![CDATA[Власть и Общество/Общество]]></category>
  <source auto="true" type="str" verify="true"><![CDATA[https://www.infox.ru//news/251/social/society/218992-v-tule-prosel-garnizonnyj-razvod-policejskih-naradov]]></source>
  <text auto="true" type="str" verify="true"><![CDATA[
В Туле в парке имени Белоусова 14 июня прошел торжественный гарнизонный развод полицейских нарядов, заступающих на службу по обеспечению общественного правопорядка.
В событии участвовали также сотрудники ОМОН, участковые, бойцы Росгвардии, сотрудники ГИБДД и дружинники.
Во время беседы с личным составом по случаю торжества руководители УМВД по Тульской области рассказали подчиненным об особенностях оперативной обстановки в регионе и напомнили об основных правилах работы с населением.
Одним из таких правил является вежливость в общении с гражданами. Полицейский обязан проявлять сдержанность, всегда в своих действиях руководствоваться буквой закона, не забывая о мерах предосторожности.
По завершении торжества особо отличившимся сотрудникам были вручены благодарственные грамоты. После процедуры награждения сотрудники прошли торжественным маршем и приступили к повседневной работе.
]]></text>
</doc>
