<?xml version='1.0' encoding='UTF-8'?>
<doc>
  <title auto="true" type="str" verify="true"><![CDATA[Краснодарский теннисист взял «золото» на национальном первенстве]]></title>
  <category auto="true" type="str" verify="true"><![CDATA[LIfeStyle/Спорт]]></category>
  <source auto="true" type="str" verify="true"><![CDATA[https://www.infox.ru//news/289/lifestyle/sport/219247-krasnodarskij-tennisist-vzal-zoloto-na-nacionalnom-pervenstve]]></source>
  <text auto="true" type="str" verify="true"><![CDATA[
Участие кубанских спортсменов в юниорском первенстве России по теннису прошло успешно. Соревнования проходили в столице, за награды пришлось побороться спортсменам в возрасте до 19 лет.
На масштабном национальном турнире Краснодарский край представляли шесть теннисистов. Они вернулись с соревнований с тремя наградами – одной золотой медалью и двумя бронзовыми. По итогам соревнований их заслужили жители Сочи Данил Спасибо и Елена Корокозиди.
– Спасибо стал первым в парном разряде в дуэте с тольяттинцем Павлом Вербиным и третьим в миксте, где его партнершей стала Мария Крупенина из Балашихи. Корокозиди отметилась «бронзой» в парном разряде вместе с Динарой Аллояровой из Энгельса, – сообщили в министерстве физической культуры и спорта Кубани.
]]></text>
</doc>
