<?xml version='1.0' encoding='UTF-8'?>
<doc>
  <title auto="true" type="str" verify="true"><![CDATA[Гостей и жителей уральской столицы приглашают на фестиваль «Иван-да-Марья»]]></title>
  <category auto="true" type="str" verify="true"><![CDATA[LIfeStyle/Хобби и развлечения]]></category>
  <source auto="true" type="str" verify="true"><![CDATA[https://www.infox.ru//news/289/lifestyle/hobby/219449-gostej-i-zitelej-uralskoj-stolicy-priglasaut-na-festival-ivan-da-mara]]></source>
  <text auto="true" type="str" verify="true"><![CDATA[
Пятнадцатый фестиваль мастеров «Иван-да-Марья» состоится в уральской столице с 5 по 9 июля.
Мероприятие будет проходить в Уральском центре развития дизайна на ул. Горького, 4а. Участниками фестиваля станут представители 20 российских регионов, которые представят здесь уникальные авторские работы - украшения, ткани, одежду, игрушки, и многое другое. Также в рамках фестиваля будут представлены проекты и площадки фермерских хозяйств.
6-7 июля запланированы большие праздничные гулянья, с участием фольклорных танцевальных и вокальных коллективов и вокальные коллективов, с творческими и игровыми состязаниями и интерактивными развлечениями.
Запланирована большая программа мастер-классов: по прядению и ткачеству, по гончарной работе, по украшению пряников глазурью, плетению авосек и многие другие. Кроме того, 7 июля на фестивале будет работать выездная кузня, где каждый сможет выковать себе сувенир.
]]></text>
</doc>
