<?xml version='1.0' encoding='UTF-8'?>
<doc>
  <title auto="true" type="str" verify="true"><![CDATA[Пляжи Краснодарского края проверяют «мобильные патрули»]]></title>
  <category auto="true" type="str" verify="true"><![CDATA[Власть и Общество/Общество]]></category>
  <source auto="true" type="str" verify="true"><![CDATA[https://www.infox.ru//news/289/social/society/219110-plazi-krasnodarskogo-kraa-patruliruut-mobilnye-patruli]]></source>
  <text auto="true" type="str" verify="true"><![CDATA[
В течение всего купального сезона мониторинг ситуации на побережье будет проводить рабочая группа межведомственной комиссии по обеспечению безопасного отдыха на водных объектах и пляжах, сообщила пресс-служба администрации Сочи.
В состав рабочей группы вошли, помимо специалистов минкурортов, сотрудники Госинспекции по маломерным судам, Роспотребнадзора, полиции, краевых департамента потребсферы, министерства ГО и ЧС, других ведомств и управлений, а также администраций муниципалитетов.
Накануне такая проверка состоялась в Адлерском районе. «Мобильные патрули» проверили в Сочи наличие медицинских пунктов, спасательных постов, средств для спасения утопающих, санитарное состояние берега, благоустройство, расположение аттракционов.Оказалось, что в целом пляжи соответствуют нормам. Следующие проверки пройдут в Анапе, Новороссийске, Геленджике и Туапсинском районе.
]]></text>
</doc>
