<?xml version='1.0' encoding='UTF-8'?>
<doc>
  <title auto="true" type="str" verify="true"><![CDATA[Уникальная выставка богомолов откроется в Краснодаре]]></title>
  <category auto="true" type="str" verify="true"><![CDATA[Наука и технологии/Звери]]></category>
  <source auto="true" type="str" verify="true"><![CDATA[https://www.infox.ru//news/289/science/animal/219342-unikalnaa-vystavka-bogomolov-otkroetsa-v-krasnodare]]></source>
  <text auto="true" type="str" verify="true"><![CDATA[
В пятницу, 21 июня, в краснодарском музее имени Е.Д. Фелицына начнет свою работу уникальная выставка «Богомолы – насекомые с другой планеты».
Выставка уникальна тем, что она проходит впервые и является единственной в России. Ожидается, что каждый пришедший в музей посетитель сможет максимально близко увидеть и понять красоту этих экзотических животных. Возможно, у краснодарцев и гостей города даже разрушатся неприятные стереотипы, сложившиеся по поводу богомолов.
Помимо этого, гости музея смогут узнать о том, чем отличаются богомолы из Индии, Африки, Южной Европы, Вьетнама и Мадагаскара. Как отмечают организаторы выставки, экземпляры все разные – кто-то из них обладает неуемным аппетитом, а кто-то похож на цветок.– Увидев «лица» этих существ, вы не останетесь равнодушными, сразу поймете – вот они, инопланетяне, – сообщили в музее.
]]></text>
</doc>
