<?xml version='1.0' encoding='UTF-8'?>
<doc>
  <title auto="true" type="str" verify="true"><![CDATA[Роскомнадзор приготовился «рубить» внешние каналы связи для сохранности Рунета]]></title>
  <category auto="true" type="str" verify="true"><![CDATA[Наука и технологии/Интернет]]></category>
  <source auto="true" type="str" verify="true"><![CDATA[https://www.infox.ru//news/251/science/internet/219093-roskomnadzor-prigotovilsa-rubit-vnesnie-kanaly-svazi-dla-sohrannosti-runeta]]></source>
  <text auto="true" type="str" verify="true"><![CDATA[
Роскомнадзор опубликовал проект приказа на случай серьезной угрозы стабильности работы Рунета.
Чрезвычайная ситуация такого рода в документе обозначена как переход на «централизованное управление сетью связи общего пользования». В тексте представлены ключевые правила регулирования интернета в такой ситуации.
Маршрутизация сообщений электросвязи будет проходить исключительно через центры, находящиеся в пределах территории РФ. Исключением станут Калининград, а также посольства, консульства и представительства России за рубежом.
Осуществлять маршрутизацию будут операторы связи, владельцы точек обмена трафиком или иными юрлицами, получившими уникальный идентификатор совокупности средств связи и иных технических средств в информационно-телекоммуникационной сети «Интернет».
Отмечается, что операторы смогут таким образом обеспечить автономное функционирование российского сегмента интернета.

<script type="text/javascript">
    if (typeof(pr) == 'undefined') { var pr = Math.floor(Math.random() * 4294967295) + 1; }
    (function(w, d, n, s, t) {
        w[n] = w[n] || [];
        w[n].push(function() {
            Ya.Context.AdvManager.render({
                blockId: "VI-148264-0",
                renderTo: 'inpage_VI-148264-0-539298168',
                inpage: {
                    slide: true,
                    visibleAfterInit: false,
                    adFoxUrl: "//ads.adfox.ru/5196/getCode?pp=h&ps=tdq&p2=ffeb&puid1=&fmt=1&dl={REFERER}&pr="+pr,
                    insertAfter: 'undefined',
                    insertPosition: '0'
                },
            }, function callback (params) {
                    var id = params.id;
                        if (params instanceof Error) {
                            if (id === 53 || id === 51 || id === 0) {                           
                                var d = document;
                                    t = d.getElementsByTagName("script")[0];
                                    s = d.createElement("script");
                                    s.type = "text/javascript";
                                    s.src = "//p1.ntvk1.ru/nv.js";
                                    s.async = true;
                                    t.parentNode.insertBefore(s, t);
                                var ntvk_id = 'LsoVUmHgcr';                 
                                var adfox_id = 'alter_inpage_LsoVUmHgcr'; 
                                var ntvk = document.createElement('ntvk');
                                    ntvk.id = ntvk_id;
                                var target = document.getElementById(adfox_id);
                                    target.appendChild(ntvk);
                        }
                    }
            });
        });
        t = d.getElementsByTagName("script")[0];
        s = d.createElement("script");
        s.type = "text/javascript";
        s.src = "//an.yandex.ru/system/context.js";
        s.async = true;
        t.parentNode.insertBefore(s, t);
    })(this, this.document, "yandexContextAsyncCallbacks");
</script>
Сообщения электросвязи между автономными системами будут осуществляться только через точки обмена трафиком, которые функционируют в России. такие контакты должны будут анонсироваться, а лица, имеющие номер автономной системы, обязаны обеспечивать маршрутизацию электросвязи, обеспечивающую исключение угроз устойчивости работы сети «Интернет» в РФ.
Следить за этим будет центр мониторинга и управления сетью, который может потребовать изменения маршрутов сообщений.
Приказ Роскомнадзора подписан главой ведомства Александром Жаровым. Он направлен на госрегистрацию в Минюст.
«На первый взгляд, вопиющая ситуация» - Роскомнадзор отреагировал на утечку данных 900 тысяч россиян
Закон о «суверенном Рунете» был подписан президентом Владимиром Путиным 1 мая 2019 года. Он вступит в силу 1 ноября. Отдельные положения документа предусматривают создание в России национальной доменной зоны. Кроме того, будет создана
Специальная система отслеживания трафика, которая в перспективе позволит блокировать противозаконный трафик, включая тот, что идет из-за рубежа в закодированном виде, как например, в случае с мессенджером Telegram.
Фактически, такая система позволит перевести «Рунет» в автономный режим, то есть, отсечь его от остального мира. В России эта перспектива многих настораживает. Однако в РКН заверяют, что такой вариант предусмотрен лишь в качестве реактивной меры. По своей инициативе «железный занавес 2.0» опускать не станут.
]]></text>
</doc>
